Sample Name,d (0.1),d (0.5),d (0.9),Result Between User Sizes (Sizes in um),,,,,,,,,,,,,,,,,,,,,,,,,,,,,,,,,,,,,,,,,,,,,,,,,,,,,,,,,,,,,,,,,,,,,,,,,,,,,,,,,,,,,,,,,,,,,,,,,,,,
,,,,0.01,0.011482,0.013183,0.015136,0.017378,0.019953,0.022909,0.026303,0.0302,0.034674,0.039811,0.045709,0.052481,0.060256,0.069183,0.079433,0.091201,0.104713,0.120226,0.138038,0.158489,0.18197,0.20893,0.239883,0.275423,0.316228,0.363078,0.416869,0.47863,0.549541,0.630957,0.724436,0.831764,0.954993,1.096478,1.258925,1.44544,1.659587,1.905461,2.187762,2.511886,2.884031,3.311311,3.801894,4.365158,5.011872,5.754399,6.606934,7.585776,8.709636,10,11.481536,13.182567,15.135612,17.378008,19.952623,22.908677,26.30268,30.199517,34.673685,39.810717,45.708819,52.480746,60.255959,69.183097,79.432823,91.201084,104.712855,120.226443,138.038426,158.489319,181.970086,208.929613,239.883292,275.42287,316.227766,363.078055,416.869383,478.630092,549.540874,630.957344,724.43596,831.763771,954.992586,1096.478196,1258.925412,1445.439771,1659.586907,1905.460718,2187.761624,2511.886432,2884.031503,3311.311215,3801.893963,4365.158322,5011.872336,5754.399373,6606.93448,7585.77575,8709.6359,10000
100 - Average,1.416,11.873,176.7,,0,0,0,0,0,0,0,0,0,0,0,0,0,0,0,0,0,0,0,0,0,0,0,0,0.013803,0.126352,0.325959,0.51575,0.696527,0.862292,1.000486,1.119349,1.22299,1.327741,1.445731,1.58958,1.757458,1.938858,2.111836,2.260128,2.37871,2.47374,2.557026,2.640806,2.735127,2.840369,2.950868,3.048252,3.114046,3.128579,3.08234,2.979412,2.833335,2.676795,2.542344,2.464466,2.458637,2.51835,2.609889,2.675203,2.64741,2.47303,2.139889,1.691678,1.229078,0.862251,0.687093,0.755797,1.089313,1.654284,2.279143,2.72395,2.73113,2.203977,1.295967,0.414886,0.08312,0.014873,0,0,0,0,0,0,0,0,0,0,0,0,0,0,0,0,0,0,0,0,0,0
92 - Average,1.284,10.231,93.005,,0,0,0,0,0,0,0,0,0,0,0,0,0,0,0,0,0,0,0,0,0,0,0,0,0.011103,0.107876,0.339022,0.560976,0.774711,0.972416,1.138248,1.280503,1.401967,1.519381,1.644558,1.789923,1.952807,2.121934,2.276056,2.401771,2.498616,2.576462,2.648792,2.728191,2.824049,2.936577,3.06212,3.186397,3.298158,3.382727,3.435751,3.453763,3.43867,3.394009,3.321877,3.223245,3.090872,2.917767,2.695603,2.428256,2.128406,1.819065,1.529341,1.291042,1.140286,1.098198,1.158037,1.2857,1.435658,1.554317,1.566793,1.399078,1.048841,0.595623,0.106438,0.00802,0,0,0,0,0,0,0,0,0,0,0,0,0,0,0,0,0,0,0,0,0,0,0,0
120 - Average,1.433,10.416,101.127,,0,0,0,0,0,0,0,0,0,0,0,0,0,0,0,0,0,0,0,0,0,0,0,0,0.006269,0.067734,0.275363,0.474834,0.665885,0.841013,0.986748,1.112349,1.223293,1.338528,1.472649,1.640881,1.84198,2.064561,2.282755,2.47538,2.631662,2.752252,2.844951,2.920794,2.991998,3.065371,3.14473,3.224797,3.29935,3.356186,3.385114,3.371846,3.301104,3.162192,2.945858,2.660189,2.317979,1.95717,1.622273,1.371891,1.258825,1.3267,1.601018,2.075981,2.678035,3.266072,3.622793,3.558596,2.945022,1.932523,0.636508,0,0,0,0,0,0,0,0,0,0,0,0,0,0,0,0,0,0,0,0,0,0,0,0,0,0,0,0,0
104 - Average,1.35,10.586,96.291,,0,0,0,0,0,0,0,0,0,0,0,0,0,0,0,0,0,0,0,0,0,0,0,0,0.008592,0.088132,0.31924,0.530377,0.729533,0.911625,1.063691,1.195795,1.312394,1.430999,1.563782,1.723261,1.906064,2.099874,2.280711,2.43112,2.545424,2.629251,2.694253,2.754153,2.822076,2.904544,3.004145,3.113202,3.223957,3.320972,3.393067,3.422877,3.395611,3.299367,3.12569,2.879968,2.570952,2.228893,1.891456,1.614585,1.455033,1.463878,1.669935,2.063349,2.569544,3.055482,3.329899,3.221567,2.634706,1.639261,0.467713,0,0,0,0,0,0,0,0,0,0,0,0,0,0,0,0,0,0,0,0,0,0,0,0,0,0,0,0,0
94 - Average,1.462,15.906,1173.484,,0,0,0,0,0,0,0,0,0,0,0,0,0,0,0,0,0,0,0,0,0,0,0,0,0.010948,0.105597,0.323887,0.507301,0.678866,0.835669,0.966562,1.080499,1.180188,1.279239,1.386552,1.511646,1.651847,1.79799,1.932369,2.042603,2.125693,2.187604,2.238625,2.289504,2.349165,2.419625,2.49837,2.57398,2.635104,2.667987,2.664948,2.623119,2.544354,2.439893,2.320837,2.201767,2.086099,1.97018,1.83677,1.665511,1.438127,1.151995,0.828623,0.512387,0.269745,0.145058,0.163069,0.348376,0.659897,1.000044,1.250349,1.312534,1.134838,0.750451,0.281975,0.104835,0.151243,0.338081,0.682192,1.186029,1.809181,2.477522,3.082776,3.501605,3.622301,3.365048,2.742593,1.652615,0.405613,0,0,0,0,0,0,0,0,0,0,0
108 - Average,1.264,8.996,69.325,,0,0,0,0,0,0,0,0,0,0,0,0,0,0,0,0,0,0,0,0,0,0,0,0,0.012577,0.119835,0.354946,0.579128,0.793492,0.990485,1.15492,1.296344,1.419309,1.542791,1.680711,1.847484,2.040604,2.247531,2.44286,2.608147,2.737843,2.838363,2.922011,3.002509,3.092386,3.19548,3.310195,3.421948,3.515272,3.569365,3.570871,3.511894,3.39223,3.228383,3.04124,2.862814,2.713188,2.602612,2.51743,2.426517,2.286114,2.056881,1.724048,1.312786,0.89371,0.595893,0.482978,0.4537,0.543121,0.87379,1.300523,1.570914,1.535605,1.154417,0.585556,0.026251,0,0,0,0,0,0,0,0,0,0,0,0,0,0,0,0,0,0,0,0,0,0,0,0
82 - Average,1.155,5.983,31.969,,0,0,0,0,0,0,0,0,0,0,0,0,0,0,0,0,0,0,0,0,0,0,0,0,0,0.024969,0.270631,0.523602,0.786615,1.050399,1.294322,1.527039,1.747358,1.974073,2.217052,2.490813,2.788046,3.091089,3.363577,3.575202,3.709801,3.769152,3.767583,3.727384,3.671174,3.618323,3.579432,3.558086,3.550428,3.549589,3.545544,3.525635,3.474538,3.382518,3.244376,3.068351,2.863247,2.644816,2.419199,2.18716,1.935217,1.644014,1.299218,0.89816,0.513945,0.11445,0.013876,0,0,0,0,0,0,0,0,0,0,0,0,0,0,0,0,0,0,0,0,0,0,0,0,0,0,0,0,0,0,0,0,0
70 - Average,2.299,16.602,161.398,,0,0,0,0,0,0,0,0,0,0,0,0,0,0,0,0,0,0,0,0,0,0,0,0,0,0.007612,0.121635,0.263987,0.390677,0.4958,0.585151,0.658289,0.721991,0.786315,0.860523,0.954486,1.070362,1.206532,1.354663,1.509254,1.668649,1.835194,2.013299,2.204938,2.413058,2.631724,2.857383,3.074739,3.276977,3.448815,3.589065,3.691603,3.762601,3.807725,3.838881,3.864743,3.888838,3.902976,3.886004,3.8047,3.618934,3.293209,2.81164,2.187771,1.488224,0.808883,0.298966,0.065612,0.188273,0.656548,1.304885,1.910979,2.208375,2.067403,1.539025,0.912414,0.174953,0.014717,0,0,0,0,0,0,0,0,0,0,0,0,0,0,0,0,0,0,0,0,0,0
102 - Average,1.323,10.36,89.362,,0,0,0,0,0,0,0,0,0,0,0,0,0,0,0,0,0,0,0,0,0,0,0,0,0.011017,0.107587,0.342767,0.557903,0.760456,0.944986,1.097753,1.228012,1.339355,1.448381,1.567084,1.708145,1.870021,2.04298,2.206803,2.34735,2.461415,2.555975,2.643067,2.735383,2.844448,2.972911,3.119133,3.267879,3.40459,3.506689,3.560544,3.553686,3.483161,3.35827,3.193856,3.01543,2.840728,2.684877,2.547051,2.416915,2.274095,2.098878,1.881876,1.629946,1.375532,1.151657,1.019028,0.922721,0.896571,0.993298,1.102676,1.148953,1.060761,0.825254,0.507541,0.21134,0.065262,0.05968,0.096123,0.1293,0.158675,0.171636,0.165369,0.138752,0.100697,0.067767,0,0,0,0,0,0,0,0,0,0,0,0,0,0
75 - Average,1.37,10.229,80.742,,0,0,0,0,0,0,0,0,0,0,0,0,0,0,0,0,0,0,0,0,0,0,0,0,0.008933,0.08895,0.299312,0.502643,0.700022,0.884599,1.041968,1.179982,1.301057,1.420928,1.550581,1.702455,1.874776,2.058024,2.231846,2.381993,2.50537,2.609555,2.706963,2.809491,2.927171,3.060581,3.206154,3.34706,3.467777,3.546817,3.571978,3.534949,3.436089,3.290624,3.119014,2.952973,2.814863,2.719618,2.660567,2.611657,2.527927,2.358324,2.066371,1.650153,1.164672,0.700326,0.368826,0.229551,0.310197,0.62192,1.096711,1.559911,1.768031,1.599577,1.125965,0.611094,0.105968,0.007136,0,0,0,0,0,0,0,0,0,0,0,0,0,0,0,0,0,0,0,0,0,0
176 - Average,1.234,7.565,41.199,,0,0,0,0,0,0,0,0,0,0,0,0,0,0,0,0,0,0,0,0,0,0,0,0,0.012169,0.121528,0.410832,0.647661,0.858485,1.042848,1.190253,1.315244,1.425759,1.543088,1.682984,1.861146,2.075989,2.316567,2.558575,2.783757,2.983609,3.159409,3.318002,3.46698,3.614916,3.761441,3.903728,4.026695,4.116971,4.156654,4.134392,4.043809,3.881399,3.658145,3.383059,3.07871,2.755676,2.429443,2.102977,1.782867,1.472142,1.176617,0.902581,0.655499,0.449152,0.386079,0.386578,0.382197,0.379695,0.362941,0.329515,0.280378,0.227058,0.187106,0.179084,0.206744,0.258508,0.315318,0.357689,0.373062,0.356624,0.308439,0.239046,0.151063,0.071118,0,0,0,0,0,0,0,0,0,0,0,0,0,0,0
166 - Average,1.217,8.101,57.414,,0,0,0,0,0,0,0,0,0,0,0,0,0,0,0,0,0,0,0,0,0,0,0,0,0.013209,0.127293,0.390064,0.628289,0.850258,1.050242,1.214095,1.353607,1.475088,1.599417,1.742075,1.918567,2.126279,2.351745,2.567406,2.752556,2.899634,3.014131,3.108627,3.197549,3.294255,3.402951,3.522154,3.636558,3.729302,3.777266,3.76371,3.678099,3.517285,3.298391,3.043023,2.788964,2.561257,2.379128,2.238235,2.119703,1.990981,1.818753,1.582113,1.283453,0.961943,0.667961,0.479909,0.393146,0.379829,0.478832,0.668221,0.807181,0.822902,0.692627,0.473549,0.261277,0.121742,0.115292,0.15568,0.172352,0.173647,0.153779,0.112719,0.071052,0.030646,0,0,0,0,0,0,0,0,0,0,0,0,0,0,0
187 - Average,1.11,6.755,27.854,,0,0,0,0,0,0,0,0,0,0,0,0,0,0,0,0,0,0,0,0,0,0,0,0,0.012532,0.265133,0.510093,0.768405,0.99918,1.197343,1.353959,1.478131,1.580352,1.684009,1.809424,1.976219,2.185774,2.426881,2.672067,2.89953,3.100202,3.278345,3.446146,3.617322,3.805371,4.010393,4.226466,4.426764,4.5842,4.661989,4.634719,4.487813,4.217716,3.851019,3.415746,2.96319,2.524623,2.132257,1.791079,1.496521,1.228497,0.966605,0.69922,0.428644,0.206481,0.117084,0.086281,0.058053,0.030455,0.049339,0.168684,0.301614,0.37542,0.36183,0.276165,0.13167,0.023049,0,0,0,0,0,0,0,0,0,0,0,0,0,0,0,0,0,0,0,0,0,0,0
126 - Average,1.275,8.853,162.489,,0,0,0,0,0,0,0,0,0,0,0,0,0,0,0,0,0,0,0,0,0,0,0,0,0.015068,0.139811,0.37866,0.596105,0.798995,0.982612,1.134476,1.265726,1.382348,1.503791,1.644184,1.817885,2.022143,2.244424,2.45884,2.645854,2.797556,2.917482,3.015221,3.101736,3.187166,3.273671,3.358844,3.430182,3.474939,3.478744,3.431994,3.331958,3.177736,2.983215,2.761433,2.537309,2.325372,2.139353,1.977538,1.830846,1.680419,1.507893,1.305643,1.083362,0.873416,0.713574,0.637147,0.647936,0.771754,1.006474,1.253657,1.41468,1.391532,1.161667,0.803712,0.451969,0.188152,0.149638,0.223166,0.288228,0.3564,0.40824,0.43734,0.438752,0.411178,0.354716,0.279003,0.154351,0.042786,0,0,0,0,0,0,0,0,0,0,0
38 - Average,5.925,26.934,187.066,,0,0,0,0,0,0,0,0,0,0,0,0,0,0,0,0,0,0,0,0,0,0,0,0,0,0,0,0.059181,0.116993,0.165298,0.18576,0.192085,0.185874,0.178734,0.182255,0.208356,0.264418,0.352449,0.466536,0.598296,0.738654,0.880496,1.019792,1.154626,1.290639,1.435626,1.607253,1.820457,2.100099,2.45423,2.900498,3.416514,3.990804,4.565389,5.10017,5.53101,5.821442,5.939225,5.874045,5.626117,5.200457,4.606086,3.860613,2.99278,2.073291,1.196422,0.508617,0.163911,0.250404,0.759482,1.552565,2.32347,2.71392,2.527573,1.820906,0.949296,0.076883,0,0,0,0,0,0,0,0,0,0,0,0,0,0,0,0,0,0,0,0,0,0,0
27 - Average,8.783,37.379,229.453,,0,0,0,0,0,0,0,0,0,0,0,0,0,0,0,0,0,0,0,0,0,0,0,0,0,0,0,0,0.08717,0.123884,0.140716,0.140758,0.132878,0.12323,0.121661,0.13625,0.171327,0.226167,0.294369,0.36901,0.445587,0.523709,0.606058,0.696203,0.801004,0.925669,1.079284,1.264872,1.492334,1.759665,2.077864,2.437844,2.850069,3.303196,3.806535,4.343154,4.901575,5.431605,5.870643,6.128405,6.1171,5.769085,5.064861,4.044701,2.838853,1.630453,0.684031,0.229951,0.435263,1.289817,2.517558,3.686874,4.264131,3.971437,2.893878,1.610856,0.138454,0,0,0,0,0,0,0,0,0,0,0,0,0,0,0,0,0,0,0,0,0,0,0
117 - Average,1.261,7.721,58.112,,0,0,0,0,0,0,0,0,0,0,0,0,0,0,0,0,0,0,0,0,0,0,0,0,0.010971,0.107622,0.347531,0.575037,0.791434,0.989284,1.154155,1.297322,1.425481,1.560385,1.71825,1.915613,2.149591,2.405771,2.653881,2.870662,3.046536,3.185759,3.300087,3.40272,3.504988,3.60785,3.706476,3.784463,3.825741,3.814259,3.741312,3.610276,3.427115,3.213447,2.98482,2.763368,2.55525,2.363415,2.176251,1.977421,1.742185,1.448968,1.094588,0.705051,0.34164,0.091486,0.027745,0.006297,0.182167,0.692542,1.216742,1.61685,1.721001,1.494031,1.030506,0.573337,0.05032,0,0,0,0,0,0,0,0,0,0,0,0,0,0,0,0,0,0,0,0,0,0,0
58 - Average,4.942,26.334,216.014,,0,0,0,0,0,0,0,0,0,0,0,0,0,0,0,0,0,0,0,0,0,0,0,0,0,0,0,0.070219,0.138464,0.201403,0.238379,0.26493,0.281067,0.29803,0.324801,0.370682,0.439032,0.528545,0.631699,0.741966,0.856133,0.975753,1.106525,1.255282,1.43254,1.643299,1.895366,2.182292,2.504253,2.841931,3.192696,3.532806,3.86136,4.16177,4.436424,4.675208,4.873906,5.013469,5.068486,5.001089,4.767795,4.329833,3.670953,2.810522,1.839378,0.886078,0.147104,0,0.101448,0.824041,1.888384,2.89325,3.427142,3.264323,2.453611,1.515509,0.140826,0,0,0,0,0,0,0,0,0,0,0,0,0,0,0,0,0,0,0,0,0,0,0
87 - Average,1.339,13.019,170.242,,0,0,0,0,0,0,0,0,0,0,0,0,0,0,0,0,0,0,0,0,0,0,0,0,0.017443,0.156105,0.368016,0.568544,0.758529,0.932054,1.075847,1.197863,1.301282,1.401447,1.50953,1.637154,1.78259,1.936172,2.078646,2.196669,2.287321,2.356543,2.414034,2.46994,2.532506,2.602962,2.678396,2.747845,2.801587,2.828838,2.824479,2.787207,2.719114,2.629814,2.528358,2.426988,2.330498,2.242148,2.159059,2.07817,1.997045,1.918632,1.85303,1.816321,1.822701,1.873565,1.950587,2.026415,2.089113,2.151221,2.208347,2.219348,2.10935,1.804663,1.331276,0.867511,0.46042,0.117132,0.019622,0,0,0,0,0,0,0,0,0,0,0,0,0,0,0,0,0,0,0,0,0
85 - Average,1.236,11.517,182.407,,0,0,0,0,0,0,0,0,0,0,0,0,0,0,0,0,0,0,0,0,0,0,0,0,0.022609,0.197868,0.422119,0.635426,0.837786,1.023415,1.17831,1.310619,1.423077,1.531215,1.645946,1.7787,1.926843,2.079203,2.214448,2.317363,2.384829,2.425339,2.453419,2.485437,2.535341,2.609153,2.706431,2.814783,2.920488,3.003011,3.048343,3.043377,2.983794,2.87737,2.738865,2.593727,2.460794,2.354006,2.270465,2.195058,2.102435,1.968384,1.782141,1.55393,1.319624,1.12671,1.028212,1.058795,1.228892,1.515509,1.831794,2.063392,2.086657,1.859315,1.454802,1.015422,0.638814,0.442055,0.313838,0.125586,0.034719,0,0,0,0,0,0,0,0,0,0,0,0,0,0,0,0,0,0,0
72 - Average,1.305,10.15,55.957,,0,0,0,0,0,0,0,0,0,0,0,0,0,0,0,0,0,0,0,0,0,0,0,0,0.012505,0.118539,0.345216,0.55544,0.756544,0.943921,1.103923,1.245045,1.369026,1.490506,1.618851,1.764992,1.926527,2.094456,2.250447,2.382258,2.487881,2.575031,2.656464,2.745405,2.853309,2.982127,3.129034,3.27785,3.414259,3.517688,3.578201,3.587431,3.547182,3.469681,3.373377,3.282663,3.213569,3.171826,3.143507,3.096549,2.984988,2.763584,2.408242,1.930974,1.395519,0.889489,0.515631,0.327119,0.336327,0.504141,0.726791,0.849233,0.743477,0.424834,0.108213,0.010206,0,0,0,0,0,0,0,0,0,0,0,0,0,0,0,0,0,0,0,0,0,0,0,0
51 - Average,4.585,27.585,208.91,,0,0,0,0,0,0,0,0,0,0,0,0,0,0,0,0,0,0,0,0,0,0,0,0,0,0,0,0.104622,0.182447,0.256617,0.305311,0.343844,0.370763,0.396265,0.427597,0.47261,0.533487,0.608443,0.690783,0.775782,0.862929,0.956344,1.063127,1.190321,1.346939,1.536396,1.76465,2.025687,2.320761,2.634074,2.965091,3.292466,3.615656,3.918689,4.204982,4.466143,4.700692,4.890069,5.007226,5.008492,4.844122,4.470903,3.872284,3.070637,2.155678,1.257337,0.566756,0.248811,0.419042,1.062048,1.969283,2.825932,3.247554,3.034638,2.2479,1.30632,0.16145,0,0,0,0,0,0,0,0,0,0,0,0,0,0,0,0,0,0,0,0,0,0,0
95 - Average,1.298,7.422,41.835,,0,0,0,0,0,0,0,0,0,0,0,0,0,0,0,0,0,0,0,0,0,0,0,0,0,0,0.207274,0.437759,0.67586,0.90578,1.109564,1.295718,1.466421,1.640917,1.831713,2.054084,2.304337,2.569299,2.820407,3.035784,3.206129,3.335411,3.434594,3.516007,3.590749,3.661613,3.726089,3.772804,3.790423,3.768432,3.699818,3.585398,3.42714,3.244654,3.060021,2.906052,2.801172,2.749816,2.729611,2.693898,2.579283,2.32728,1.912507,1.359767,0.765603,0.231996,0.008116,0,0,0.026642,0.212725,0.361408,0.416845,0.365011,0.25007,0.109269,0.018728,0,0,0,0,0,0,0,0,0,0,0,0,0,0,0,0,0,0,0,0,0,0,0
90 - Average,1.358,12.519,241.936,,0,0,0,0,0,0,0,0,0,0,0,0,0,0,0,0,0,0,0,0,0,0,0,0,0.013829,0.128145,0.34555,0.546152,0.735969,0.910378,1.056557,1.182702,1.291209,1.396529,1.508674,1.638814,1.785684,1.941355,2.088834,2.216279,2.320415,2.40537,2.478405,2.54685,2.61709,2.689839,2.763857,2.831551,2.886845,2.921077,2.928675,2.903847,2.842856,2.750728,2.637364,2.522205,2.420073,2.342193,2.286203,2.238443,2.173604,2.061128,1.876332,1.61335,1.298921,0.986086,0.75416,0.668623,0.778223,1.091847,1.523437,1.907037,2.026866,1.776595,1.239717,0.660343,0.16903,0.064872,0.187101,0.334147,0.526912,0.708212,0.844449,0.907565,0.884946,0.777536,0.603413,0.350741,0.084256,0,0,0,0,0,0,0,0,0,0,0
79 - Average,1.202,8.259,136.599,,0,0,0,0,0,0,0,0,0,0,0,0,0,0,0,0,0,0,0,0,0,0,0,0,0.015682,0.144474,0.381783,0.610636,0.833041,1.042476,1.222903,1.382519,1.522567,1.659181,1.803509,1.96973,2.15824,2.362548,2.563974,2.747152,2.903002,3.029187,3.127358,3.201161,3.256813,3.298851,3.332141,3.357177,3.372102,3.370908,3.345763,3.289487,3.194188,3.062353,2.899,2.719387,2.530948,2.341735,2.148902,1.947597,1.729392,1.490016,1.231153,0.961556,0.705281,0.495792,0.375969,0.378241,0.532806,0.84995,1.261069,1.641065,1.815102,1.690671,1.314214,0.842028,0.437418,0.090981,0.00882,0,0,0,0,0,0,0,0,0,0,0,0,0,0,0,0,0,0,0,0,0
112 - Average,1.174,11.725,257.293,,0,0,0,0,0,0,0,0,0,0,0,0,0,0,0,0,0,0,0,0,0,0,0,0.005965,0.066017,0.302359,0.514074,0.734839,0.931422,1.100415,1.234945,1.343581,1.435956,1.532653,1.650623,1.80513,1.993243,2.198683,2.388772,2.534867,2.621169,2.647246,2.62348,2.568767,2.504179,2.45042,2.421461,2.42464,2.459312,2.51741,2.588669,2.655882,2.706198,2.729628,2.727493,2.707644,2.67873,2.643272,2.590788,2.498213,2.331562,2.057505,1.662233,1.168011,0.657404,0.229837,0.039026,0.006443,0.221087,0.810575,1.522501,2.143834,2.421561,2.253322,1.719954,1.050755,0.431276,0.180352,0.221169,0.339142,0.499815,0.66483,0.787443,0.832443,0.785413,0.655532,0.471754,0.244522,0.052558,0,0,0,0,0,0,0,0,0,0,0
197 - Average,1.37,8.405,189.834,,0,0,0,0,0,0,0,0,0,0,0,0,0,0,0,0,0,0,0,0,0,0,0,0,0.008377,0.08454,0.294507,0.495608,0.689087,0.868808,1.022299,1.160151,1.288375,1.426884,1.589761,1.791827,2.029303,2.288267,2.539783,2.761865,2.945245,3.093605,3.217476,3.328119,3.435141,3.53822,3.632077,3.700907,3.729763,3.704568,3.616801,3.468907,3.26468,3.027713,2.77924,2.551094,2.357899,2.205406,2.077438,1.9468,1.778233,1.542706,1.231225,0.862096,0.492927,0.189402,0.040153,0.009471,0.138043,0.485809,0.910239,1.262372,1.375722,1.188424,0.781783,0.314052,0.102748,0.104641,0.189211,0.323002,0.47921,0.621859,0.72012,0.754331,0.718182,0.617716,0.470861,0.270395,0.064523,0,0,0,0,0,0,0,0,0,0,0
53 - Average,5.713,30.609,218.619,,0,0,0,0,0,0,0,0,0,0,0,0,0,0,0,0,0,0,0,0,0,0,0,0,0,0,0,0.064274,0.12743,0.186349,0.221469,0.2464,0.260197,0.272118,0.289557,0.320437,0.368336,0.433331,0.51111,0.598517,0.695114,0.803503,0.928247,1.072947,1.24316,1.438664,1.662672,1.907849,2.175743,2.45474,2.749967,3.050842,3.367585,3.695006,4.044089,4.406198,4.774765,5.115051,5.380865,5.503784,5.412317,5.046418,4.381946,3.445872,2.348957,1.25531,0.396666,0.012705,0.197712,0.921312,2.011728,3.049032,3.58394,3.380293,2.511195,1.448588,0.225692,0,0,0,0,0,0,0,0,0,0,0,0,0,0,0,0,0,0,0,0,0,0,0
96 - Average,1.191,9.771,253.132,,0,0,0,0,0,0,0,0,0,0,0,0,0,0,0,0,0,0,0,0,0,0,0,0,0.010479,0.229167,0.45754,0.689096,0.8971,1.080508,1.232075,1.359438,1.468399,1.575494,1.692903,1.832811,1.993037,2.163221,2.322848,2.457516,2.563345,2.646051,2.716002,2.784262,2.860198,2.945373,3.036751,3.121378,3.186769,3.218041,3.206404,3.147553,3.040666,2.896531,2.727617,2.557397,2.40264,2.27795,2.181683,2.098565,1.996925,1.837812,1.590804,1.250543,0.854799,0.471074,0.193886,0.084862,0.174759,0.461327,0.865117,1.236326,1.389186,1.237194,0.846765,0.416249,0.061126,0.03706,0.195185,0.401413,0.652916,0.89219,1.076521,1.168841,1.149346,1.01631,0.792188,0.461506,0.110965,0,0,0,0,0,0,0,0,0,0,0
110 - Average,1.278,8.869,91.721,,0,0,0,0,0,0,0,0,0,0,0,0,0,0,0,0,0,0,0,0,0,0,0,0,0.009432,0.095066,0.3301,0.556486,0.774678,0.976308,1.145215,1.290306,1.415381,1.539097,1.675485,1.83979,2.031248,2.239704,2.442068,2.621121,2.77071,2.895127,3.00348,3.104504,3.204512,3.300297,3.38449,3.441684,3.460044,3.432709,3.360969,3.256071,3.127942,2.995189,2.870126,2.765809,2.682006,2.610564,2.531021,2.417977,2.244393,1.990593,1.651332,1.241565,0.815735,0.44694,0.219101,0.165869,0.318601,0.71385,1.276682,1.80876,2.028601,1.7844,1.168551,0.458464,0.069846,0,0,0,0,0,0,0,0,0,0,0,0,0,0,0,0,0,0,0,0,0,0,0
114 - Average,1.113,5.975,26.95,,0,0,0,0,0,0,0,0,0,0,0,0,0,0,0,0,0,0,0,0,0,0,0,0,0.011389,0.114468,0.394658,0.664199,0.9243,1.165885,1.37068,1.550556,1.710992,1.875541,2.061266,2.286733,2.549334,2.834366,3.109409,3.348815,3.540512,3.686577,3.797069,3.884996,3.963722,4.039182,4.112111,4.171842,4.20416,4.190847,4.115943,3.973216,3.759349,3.492719,3.190959,2.886054,2.591053,2.315045,2.0487,1.780664,1.496459,1.184698,0.841464,0.52903,0.196048,0.03499,0,0,0,0,0,0,0,0,0,0,0,0,0,0,0,0,0,0,0,0,0,0,0,0,0,0,0,0,0,0,0,0,0,0
106 - Average,0.845,5.107,26.373,,0,0,0,0,0,0,0,0,0,0,0,0,0,0,0,0,0,0,0,0,0,0,0,0.031531,0.199683,0.56572,0.862199,1.163709,1.429291,1.659297,1.846724,2.002443,2.136143,2.270809,2.423718,2.610766,2.826777,3.053053,3.255429,3.408258,3.50329,3.54928,3.563752,3.567699,3.579052,3.60725,3.651797,3.699913,3.734107,3.734866,3.687563,3.585932,3.426389,3.219816,2.973667,2.705656,2.420774,2.127024,1.821987,1.509431,1.192349,0.878019,0.576883,0.304175,0.065652,0,0,0,0,0.051606,0.183309,0.289467,0.341265,0.318653,0.240597,0.121991,0.021747,0,0,0,0,0,0,0,0,0,0,0,0,0,0,0,0,0,0,0,0,0,0,0
31 - Average,7.575,30.084,212.343,,0,0,0,0,0,0,0,0,0,0,0,0,0,0,0,0,0,0,0,0,0,0,0,0,0,0,0,0,0.09185,0.13136,0.149161,0.147619,0.13703,0.124662,0.122718,0.142195,0.190492,0.269376,0.372363,0.489297,0.608606,0.720957,0.820909,0.906911,0.986027,1.070789,1.183751,1.348595,1.597937,1.949546,2.429007,3.016876,3.700907,4.409481,5.088599,5.653441,6.05637,6.25799,6.249909,6.034392,5.615969,4.997581,4.187891,3.210805,2.143791,1.112617,0.24624,0,0.089209,0.776726,1.864477,2.907307,3.450828,3.239011,2.345809,1.249368,0.10325,0,0,0,0,0,0,0,0,0,0,0,0,0,0,0,0,0,0,0,0,0,0,0
66 - Average,5.328,22.096,186.403,,0,0,0,0,0,0,0,0,0,0,0,0,0,0,0,0,0,0,0,0,0,0,0,0,0,0,0,0,0.080271,0.127984,0.161322,0.172586,0.175171,0.173761,0.179539,0.20255,0.250665,0.328996,0.438508,0.580526,0.756296,0.966679,1.212309,1.490032,1.800793,2.137338,2.501423,2.879165,3.269484,3.648193,4.010042,4.327632,4.598345,4.809967,4.971334,5.08716,5.1639,5.193008,5.150187,4.99322,4.669,4.131252,3.364015,2.399332,1.345271,0.395095,0.010375,0,0,0.31887,1.216546,2.126768,2.618951,2.513366,1.867878,1.036316,0.150664,0,0,0,0,0,0,0,0,0,0,0,0,0,0,0,0,0,0,0,0,0,0,0
36 - Average,5.963,26.874,202.357,,0,0,0,0,0,0,0,0,0,0,0,0,0,0,0,0,0,0,0,0,0,0,0,0,0,0,0,0.015202,0.107408,0.148678,0.172485,0.175267,0.168881,0.161121,0.165057,0.192439,0.250947,0.342678,0.461543,0.598756,0.744712,0.891951,1.036347,1.176005,1.316873,1.466937,1.643968,1.862344,2.145878,2.500743,2.942691,3.448441,4.006779,4.562763,5.080654,5.501957,5.793394,5.922541,5.874876,5.642201,5.218376,4.60049,3.797735,2.838011,1.811922,0.814114,0.119395,0,0.051939,0.612894,1.659871,2.627028,3.126945,2.925719,2.102713,1.083502,0.086827,0,0,0,0,0,0,0,0,0,0,0,0,0,0,0,0,0,0,0,0,0,0,0
33 - Average,10.424,39.621,234.023,,0,0,0,0,0,0,0,0,0,0,0,0,0,0,0,0,0,0,0,0,0,0,0,0,0,0,0,0,0.073128,0.104431,0.11808,0.115976,0.106345,0.094811,0.090635,0.101475,0.131676,0.180703,0.242344,0.309094,0.374999,0.437832,0.498869,0.561754,0.634599,0.726192,0.849317,1.012018,1.227319,1.495498,1.827936,2.214194,2.663865,3.162762,3.719553,4.314708,4.935766,5.528974,6.028511,6.338646,6.367149,6.042785,5.34297,4.305479,3.058998,1.788488,0.769277,0.250012,0.424135,1.299331,2.595822,3.853908,4.491136,4.201055,3.078247,1.711579,0.197619,0,0,0,0,0,0,0,0,0,0,0,0,0,0,0,0,0,0,0,0,0,0,0
64 - Average,5.259,23.814,198.99,,0,0,0,0,0,0,0,0,0,0,0,0,0,0,0,0,0,0,0,0,0,0,0,0,0,0,0,0,0.089919,0.139812,0.175152,0.191264,0.201335,0.210786,0.230154,0.268289,0.329971,0.416236,0.523268,0.648769,0.793148,0.959894,1.154707,1.381123,1.645037,1.942728,2.274933,2.625715,2.990691,3.346344,3.690199,4.000657,4.279564,4.515804,4.714491,4.871017,4.983961,5.039603,5.014678,4.87341,4.573645,4.081282,3.389151,2.527537,1.601725,0.713394,0.187705,0.030345,0.196077,0.823499,1.752899,2.580949,2.969795,2.751267,2.005283,1.185334,0.107456,0,0,0,0,0,0,0,0,0,0,0,0,0,0,0,0,0,0,0,0,0,0,0
56 - Average,5.644,25.433,228.925,,0,0,0,0,0,0,0,0,0,0,0,0,0,0,0,0,0,0,0,0,0,0,0,0,0,0,0,0,0.070466,0.11378,0.14522,0.157934,0.165373,0.172867,0.190983,0.228518,0.290151,0.376543,0.482953,0.605424,0.742219,0.895081,1.06926,1.270119,1.507166,1.782619,2.102978,2.457182,2.842244,3.23043,3.611506,3.950875,4.238948,4.455636,4.603122,4.682334,4.701366,4.662684,4.560039,4.376548,4.082808,3.646769,3.050246,2.304634,1.486374,0.718016,0.181859,0.045012,0.409267,1.243152,2.313562,3.291141,3.776164,3.572467,2.765401,1.736874,0.605958,0.02773,0,0,0,0,0,0,0,0,0,0,0,0,0,0,0,0,0,0,0,0,0,0
60 - Average,3.491,17.716,214.602,,0,0,0,0,0,0,0,0,0,0,0,0,0,0,0,0,0,0,0,0,0,0,0,0,0,0,0,0.11508,0.196848,0.269367,0.310603,0.338929,0.35656,0.378763,0.418677,0.490149,0.599605,0.748507,0.930295,1.139973,1.374553,1.633375,1.917103,2.222098,2.547264,2.879191,3.209089,3.510763,3.769024,3.957378,4.0679,4.093861,4.044636,3.941167,3.810804,3.688571,3.598944,3.55264,3.533251,3.498577,3.387111,3.136023,2.705137,2.094694,1.374349,0.643813,0.102145,0,0.091282,0.719325,1.608179,2.450007,2.913025,2.831989,2.281956,1.506606,0.892901,0.117915,0,0,0,0,0,0,0,0,0,0,0,0,0,0,0,0,0,0,0,0,0,0
0 - Average,3.623,19.048,182.068,,0,0,0,0,0,0,0,0,0,0,0,0,0,0,0,0,0,0,0,0,0,0,0,0,0,0,0,0,0.079729,0.151837,0.22126,0.265948,0.31073,0.361688,0.432624,0.53395,0.66717,0.827613,1.00164,1.178384,1.352443,1.525869,1.706809,1.904618,2.132238,2.393403,2.692784,3.015597,3.353118,3.676134,3.973825,4.220229,4.412428,4.543269,4.622225,4.657672,4.658478,4.623879,4.538382,4.371214,4.077922,3.615211,2.961051,2.123661,1.214743,0.185759,0,0,0,0.18318,1.224534,2.11518,2.592833,2.460001,1.788626,0.968771,0.081341,0,0,0,0,0,0,0,0,0,0,0,0,0,0,0,0,0,0,0,0,0,0,0
132 - Average,1.558,7.831,31.888,,0,0,0,0,0,0,0,0,0,0,0,0,0,0,0,0,0,0,0,0,0,0,0,0,0,0,0.06484,0.230472,0.414436,0.597616,0.779577,0.959751,1.142116,1.340206,1.560617,1.813337,2.090833,2.380253,2.65596,2.900598,3.108688,3.287928,3.454153,3.623795,3.812395,4.021635,4.246661,4.46077,4.636606,4.735286,4.730505,4.608286,4.371409,4.053667,3.692051,3.341494,3.03555,2.798169,2.618184,2.454774,2.232106,1.861844,1.289891,0.563923,0.029616,0,0,0,0,0,0,0,0,0,0,0,0,0,0,0,0,0,0,0,0,0,0,0,0,0,0,0,0,0,0,0,0,0,0,0
161 - Average,0.706,2.727,24.649,,0,0,0,0,0,0,0,0,0,0,0,0,0,0,0,0,0,0,0,0,0,0,0,0.035165,0.233578,0.732438,1.129193,1.544244,1.929073,2.290973,2.62179,2.937207,3.241244,3.555465,3.881684,4.218644,4.530098,4.76462,4.85835,4.771326,4.503773,4.092269,3.592283,3.075812,2.603155,2.23235,1.988256,1.881261,1.89347,1.994378,2.1473,2.301344,2.411517,2.435204,2.353184,2.170696,1.911756,1.62478,1.358817,1.156017,1.028295,0.95773,0.902825,0.815338,0.655261,0.460225,0.150133,0.027477,0,0,0,0,0,0,0,0,0,0,0,0,0,0,0,0,0,0,0,0,0,0,0,0,0,0,0,0,0,0,0,0
