P:\carob\llr\Data\2017\2017rc0101 M. Bird\Cr\U123_Cr_XRF\XRF data     19/12/2017  re-evaluated data,,,,,,,,,,,,,,,,,,,,,,,,,,,,,,,,,,,,,,,,,,
peakarea,,,,,,,,,,,,,,,,,,,,,,,,,,,,,,,,,,,,,,,,,,
filename,position (mm),sample surface,validity,E-gain,E-offset,F-slope,F-offset,kcps,MSE,Mg,Al,Si,P,S,Cl,Ar,K,Ca,Ti,V,Mn,Fe,Co,Ni,Cu,Zn,Ga,As,Br,Rb,Sr,Y,Zr,Pd,Sn,Ba,Ta,Pb,Mo inc,Mo coh,Tube,Location
P:\carob\llr\Data\2017\2017rc0101 M. Bird\Cr\U123_Cr_XRF\XRF data\L000000.spe,56.64,6.48,1,0.018656,-0.005509,0.008741,0.098113,33771.73828,1.17,24,38,73,15,12,10,1141,23,500,475,402,0,1138,12,308,373,40,160,65,60,144,0,0,86,42,0,76,420,79,43062,39135,Cr,1
P:\carob\llr\Data\2017\2017rc0101 M. Bird\Cr\U123_Cr_XRF\XRF data\L000001.spe,57.64,6.52,1,0.018657,-0.005509,0.008734,0.098113,35950.50781,1.54,35,33,81,0,0,0,1256,0,529,406,402,0,1567,424,446,795,0,0,56,149,49,100,0,180,43,0,99,0,0,48752,44120,Cr,1
P:\carob\llr\Data\2017\2017rc0101 M. Bird\Cr\U123_Cr_XRF\XRF data\L000002.spe,58.64,6.5,1,0.018658,-0.005509,0.008729,0.098113,36485.42969,1.23,14,42,117,9,0,13,1539,19,551,538,483,0,1102,228,337,504,27,0,0,43,24,0,0,90,29,14,30,357,112,51731,46196,Cr,1
P:\carob\llr\Data\2017\2017rc0101 M. Bird\Cr\U123_Cr_XRF\XRF data\L000003.spe,59.64,6.49,1,0.018657,-0.005509,0.008729,0.098113,36694.20313,1.39,0,44,116,14,8,31,1606,0,642,534,303,0,1240,313,380,559,28,0,102,64,105,106,0,0,16,14,72,86,0,44614,40739,Cr,1
P:\carob\llr\Data\2017\2017rc0101 M. Bird\Cr\U123_Cr_XRF\XRF data\L000004.spe,60.64,6.47,1,0.018657,-0.005509,0.008729,0.098113,34435.48828,1.49,15,10,100,32,0,26,1909,14,571,649,336,35,1181,237,320,544,0,0,333,98,0,0,0,95,0,0,20,101,0,42470,38322,Cr,1
P:\carob\llr\Data\2017\2017rc0101 M. Bird\Cr\U123_Cr_XRF\XRF data\L000005.spe,61.64,6.52,1,0.018658,-0.005509,0.008729,0.098113,36080.5,1.38,0,0,72,9,0,0,1518,4,657,578,414,0,1476,341,447,435,0,31,19,161,60,0,0,127,9,0,37,399,0,44146,39835,Cr,1
P:\carob\llr\Data\2017\2017rc0101 M. Bird\Cr\U123_Cr_XRF\XRF data\L000006.spe,62.64,6.45,1,0.018657,-0.005509,0.008729,0.098113,35350.94531,1.52,20,10,36,0,0,7,1485,0,541,427,397,0,1322,359,379,547,0,0,114,0,0,0,0,31,6,0,57,333,0,45681,42038,Cr,1
P:\carob\llr\Data\2017\2017rc0101 M. Bird\Cr\U123_Cr_XRF\XRF data\L000007.spe,63.64,6.43,1,0.018657,-0.005509,0.008729,0.098113,34569.47656,1.1,0,0,54,13,20,16,426,36,421,334,194,0,1465,40,354,451,0,178,0,58,0,0,72,15,30,0,6,351,82,34125,33378,Cr,1
P:\carob\llr\Data\2017\2017rc0101 M. Bird\Cr\U123_Cr_XRF\XRF data\L000008.spe,64.64,6.32,1,0.018657,-0.005509,0.008729,0.098113,35352.03906,1.28,0,29,61,21,19,20,844,12,533,339,377,0,1103,185,324,395,70,206,133,0,53,64,0,90,0,0,0,263,0,41868,38714,Cr,1
P:\carob\llr\Data\2017\2017rc0101 M. Bird\Cr\U123_Cr_XRF\XRF data\L000009.spe,65.64,6.45,1,0.018657,-0.005509,0.008729,0.098113,35039.57422,1.18,0,0,74,0,10,0,1326,0,535,454,437,0,1329,254,300,689,125,0,71,0,0,0,0,0,36,0,22,43,18,46636,43005,Cr,1
P:\carob\llr\Data\2017\2017rc0101 M. Bird\Cr\U123_Cr_XRF\XRF data\L000010.spe,66.64,6.45,1,0.018657,-0.005509,0.008729,0.098113,34778.57813,1.2,35,26,16,35,0,4,1355,11,451,400,402,0,1566,148,448,477,109,66,298,0,33,74,0,170,27,0,29,414,0,48608,44556,Cr,1
P:\carob\llr\Data\2017\2017rc0101 M. Bird\Cr\U123_Cr_XRF\XRF data\L000011.spe,67.64,6.47,1,0.018657,-0.005509,0.008729,0.098113,33140.34375,1.27,0,17,82,10,0,0,1817,0,626,515,390,0,1996,269,342,521,54,0,201,145,0,0,0,133,10,0,51,121,0,44814,39945,Cr,1
P:\carob\llr\Data\2017\2017rc0101 M. Bird\Cr\U123_Cr_XRF\XRF data\L000012.spe,68.64,6.51,1,0.018657,-0.005509,0.008729,0.098113,32251.77734,1.26,7,18,49,0,0,17,2206,6,507,532,396,95,1630,224,367,475,107,0,122,0,0,0,0,0,45,0,66,97,0,41956,36982,Cr,1
P:\carob\llr\Data\2017\2017rc0101 M. Bird\Cr\U123_Cr_XRF\XRF data\L000013.spe,69.64,6.56,1,0.018657,-0.005509,0.008729,0.098113,33751.81641,1.23,18,44,89,16,17,0,1936,23,586,564,375,0,1386,29,284,521,24,0,31,63,0,166,29,153,17,8,41,171,23,45002,40663,Cr,1
P:\carob\llr\Data\2017\2017rc0101 M. Bird\Cr\U123_Cr_XRF\XRF data\L000014.spe,70.64,6.47,1,0.018657,-0.005509,0.008729,0.098113,33113.79688,1.11,36,13,7,0,0,0,1911,0,473,528,349,214,1109,0,444,513,72,110,57,154,0,32,0,188,15,0,27,207,34,44907,39143,Cr,1
P:\carob\llr\Data\2017\2017rc0101 M. Bird\Cr\U123_Cr_XRF\XRF data\L000015.spe,71.64,6.55,1,0.018657,-0.005509,0.008729,0.098113,33361.93359,1.11,7,11,25,11,0,12,1985,0,443,419,407,46,828,55,323,509,65,55,226,102,45,0,0,165,37,0,25,246,0,45157,40258,Cr,1
P:\carob\llr\Data\2017\2017rc0101 M. Bird\Cr\U123_Cr_XRF\XRF data\L000016.spe,72.64,6.48,1,0.018657,-0.005509,0.008729,0.098113,32987.28516,1.32,7,24,32,18,0,0,1832,0,479,343,386,0,1260,270,338,520,77,0,118,21,0,0,0,79,39,0,54,165,0,46073,40156,Cr,1
P:\carob\llr\Data\2017\2017rc0101 M. Bird\Cr\U123_Cr_XRF\XRF data\L000017.spe,73.64,6.51,1,0.018657,-0.005509,0.008729,0.098113,32820.86328,1.25,0,10,65,0,4,0,1933,0,448,353,415,246,1087,223,368,473,13,0,0,144,0,42,0,175,49,8,77,211,51,45940,39786,Cr,1
P:\carob\llr\Data\2017\2017rc0101 M. Bird\Cr\U123_Cr_XRF\XRF data\L000018.spe,74.64,6.48,1,0.018657,-0.005509,0.008729,0.098113,30996.45508,1.3,20,20,95,0,0,5,2044,0,492,455,377,0,999,327,381,493,0,0,108,0,0,0,0,118,13,0,9,165,0,42046,36819,Cr,1
P:\carob\llr\Data\2017\2017rc0101 M. Bird\Cr\U123_Cr_XRF\XRF data\L000019.spe,75.64,6.49,1,0.018657,-0.005509,0.008729,0.098113,30718.76953,1.06,7,9,170,0,0,5,2093,0,563,431,370,0,1366,128,294,515,19,220,150,152,0,61,43,105,74,0,0,216,0,39222,34883,Cr,1
P:\carob\llr\Data\2017\2017rc0101 M. Bird\Cr\U123_Cr_XRF\XRF data\L000020.spe,76.64,6.49,1,0.018657,-0.005509,0.008729,0.098113,31802.10156,1.18,10,17,67,19,0,20,1889,17,516,430,378,0,1743,226,351,391,72,0,238,0,11,0,0,192,30,0,64,480,0,40921,36501,Cr,1
P:\carob\llr\Data\2017\2017rc0101 M. Bird\Cr\U123_Cr_XRF\XRF data\L000021.spe,77.64,6.49,1,0.018657,-0.005509,0.008729,0.098113,31816.8125,1.22,4,0,71,0,0,25,1699,0,486,562,302,0,1859,342,438,473,69,0,205,0,0,0,0,0,70,0,0,230,0,39475,36411,Cr,1
P:\carob\llr\Data\2017\2017rc0101 M. Bird\Cr\U123_Cr_XRF\XRF data\L000022.spe,78.64,6.48,1,0.018657,-0.005509,0.008729,0.098113,33300.22656,1.25,13,0,0,0,0,0,1871,0,394,372,369,0,1256,0,335,518,0,0,127,33,36,0,0,80,15,8,66,12,0,42084,38076,Cr,1
P:\carob\llr\Data\2017\2017rc0101 M. Bird\Cr\U123_Cr_XRF\XRF data\L000023.spe,79.64,6.56,1,0.018657,-0.005509,0.008729,0.098113,33896.60938,1.18,0,0,32,0,0,0,1855,0,479,334,340,0,3150,226,315,425,19,135,159,71,44,93,0,0,27,0,57,297,0,42595,37376,Cr,1
P:\carob\llr\Data\2017\2017rc0101 M. Bird\Cr\U123_Cr_XRF\XRF data\L000024.spe,80.64,6.49,1,0.018657,-0.005509,0.008729,0.098113,34312.08984,1.21,19,13,63,15,10,48,1688,0,546,391,312,0,3371,262,375,454,0,0,176,68,0,0,0,0,53,0,66,200,0,42354,38323,Cr,1
P:\carob\llr\Data\2017\2017rc0101 M. Bird\Cr\U123_Cr_XRF\XRF data\L000025.spe,81.64,6.51,1,0.018657,-0.005509,0.008729,0.098113,33571.94531,1.17,12,35,22,8,16,10,2012,0,559,447,321,0,1640,150,387,554,47,0,0,142,0,84,56,169,16,0,20,0,31,41163,36431,Cr,1
P:\carob\llr\Data\2017\2017rc0101 M. Bird\Cr\U123_Cr_XRF\XRF data\L000026.spe,82.64,6.52,1,0.018657,-0.005509,0.008729,0.098113,32105.19727,1.06,6,12,31,0,0,0,2092,0,461,440,326,62,1597,7,338,359,0,0,235,48,0,120,0,147,29,0,0,193,0,38043,33693,Cr,1
P:\carob\llr\Data\2017\2017rc0101 M. Bird\Cr\U123_Cr_XRF\XRF data\L000027.spe,83.64,6.52,1,0.018657,-0.005509,0.008729,0.098113,31718.80859,1.27,0,0,54,14,0,0,2216,0,443,263,334,0,716,295,419,391,8,87,34,0,68,69,120,92,35,0,61,243,0,36517,31475,Cr,1
P:\carob\llr\Data\2017\2017rc0101 M. Bird\Cr\U123_Cr_XRF\XRF data\L000028.spe,84.64,6.58,1,0.018657,-0.005509,0.008729,0.098113,32337.18555,1.13,30,0,42,14,0,21,2179,4,425,278,343,20,597,177,359,289,0,0,0,60,0,0,93,0,51,0,22,450,0,38844,32599,Cr,1
P:\carob\llr\Data\2017\2017rc0101 M. Bird\Cr\U123_Cr_XRF\XRF data\L000029.spe,85.64,6.5,1,0.018657,-0.005509,0.008729,0.098113,33959.91016,1.04,15,32,23,6,0,0,1717,0,381,309,417,0,621,0,372,394,0,466,0,0,78,23,0,162,34,9,0,481,110,44390,38467,Cr,1
P:\carob\llr\Data\2017\2017rc0101 M. Bird\Cr\U123_Cr_XRF\XRF data\L000030.spe,86.64,6.48,1,0.018657,-0.005509,0.008729,0.098113,34559.97266,1.13,0,10,51,4,0,22,1680,9,454,291,414,0,663,0,336,384,23,112,161,32,0,18,0,0,7,0,21,459,0,44367,39221,Cr,1
P:\carob\llr\Data\2017\2017rc0101 M. Bird\Cr\U123_Cr_XRF\XRF data\L000031.spe,87.64,6.47,1,0.018657,-0.005509,0.008729,0.098113,36135.59766,1.17,13,29,51,5,10,42,1726,16,510,304,392,0,1702,280,337,569,0,0,201,0,50,75,50,95,27,0,0,164,0,44418,39311,Cr,1
P:\carob\llr\Data\2017\2017rc0101 M. Bird\Cr\U123_Cr_XRF\XRF data\L000032.spe,88.64,6.47,1,0.018657,-0.005509,0.008729,0.098113,35349.11328,1.03,4,0,21,14,20,9,1725,0,563,219,318,0,1492,0,353,322,0,156,117,75,0,9,0,35,34,0,34,395,0,42046,36743,Cr,1
P:\carob\llr\Data\2017\2017rc0101 M. Bird\Cr\U123_Cr_XRF\XRF data\L000033.spe,89.64,6.46,1,0.018657,-0.005509,0.008729,0.098113,34597.97656,1.35,16,0,56,10,0,30,1771,7,539,354,302,0,1760,310,413,401,0,0,190,0,67,0,0,185,20,0,75,238,0,41625,37481,Cr,1
P:\carob\llr\Data\2017\2017rc0101 M. Bird\Cr\U123_Cr_XRF\XRF data\L000034.spe,90.64,6.47,1,0.018657,-0.005509,0.008729,0.098113,33773.04297,1.08,0,10,75,28,22,25,1781,0,568,370,344,0,1121,281,343,410,0,0,36,112,60,75,28,200,50,17,30,297,0,41354,37279,Cr,1
P:\carob\llr\Data\2017\2017rc0101 M. Bird\Cr\U123_Cr_XRF\XRF data\L000035.spe,91.64,6.48,1,0.018657,-0.005509,0.008729,0.098113,34559.67578,1.14,16,9,66,8,20,38,1719,30,615,438,278,0,1509,143,423,479,84,0,84,0,0,0,65,20,42,0,52,208,0,42217,37386,Cr,1
P:\carob\llr\Data\2017\2017rc0101 M. Bird\Cr\U123_Cr_XRF\XRF data\L000036.spe,92.64,6.46,1,0.018657,-0.005509,0.008729,0.098113,32933.66406,1.07,0,21,51,10,8,17,1933,0,550,427,360,124,1302,0,414,345,60,314,40,0,152,40,0,0,56,0,21,319,69,39854,34039,Cr,1
P:\carob\llr\Data\2017\2017rc0101 M. Bird\Cr\U123_Cr_XRF\XRF data\L000037.spe,93.64,6.53,1,0.018657,-0.005509,0.008729,0.098113,32073.51953,1.2,0,17,94,9,0,34,2154,34,613,384,386,0,967,0,329,326,20,0,67,15,211,88,0,142,35,0,30,199,0,37109,32392,Cr,1
P:\carob\llr\Data\2017\2017rc0101 M. Bird\Cr\U123_Cr_XRF\XRF data\L000038.spe,94.64,6.5,1,0.018657,-0.005509,0.008729,0.098113,34044.71094,1.05,35,25,69,17,16,14,1711,0,583,473,287,143,1486,121,434,389,0,0,12,0,142,85,17,136,21,0,0,337,0,39229,34812,Cr,1
P:\carob\llr\Data\2017\2017rc0101 M. Bird\Cr\U123_Cr_XRF\XRF data\L000039.spe,95.64,6.4,1,0.018657,-0.005509,0.008729,0.098113,35154.56641,1.43,0,39,21,7,19,0,1563,0,522,418,344,0,993,391,272,318,0,72,282,57,32,0,29,155,42,0,0,339,0,41359,36925,Cr,1
P:\carob\llr\Data\2017\2017rc0101 M. Bird\Cr\U123_Cr_XRF\XRF data\L000040.spe,96.64,6.49,1,0.018657,-0.005509,0.008729,0.098113,32012.20703,1.08,0,31,19,22,0,7,2218,0,446,272,354,0,485,22,293,139,0,0,0,12,0,135,76,0,68,0,20,385,0,38775,32827,Cr,1
P:\carob\llr\Data\2017\2017rc0101 M. Bird\Cr\U123_Cr_XRF\XRF data\L000041.spe,97.64,6.5,1,0.018657,-0.005509,0.008729,0.098113,33060.26172,1.05,21,22,58,10,14,30,2099,0,457,232,304,0,453,0,363,416,0,132,0,0,37,0,139,149,8,0,46,261,0,38789,34235,Cr,1
P:\carob\llr\Data\2017\2017rc0101 M. Bird\Cr\U123_Cr_XRF\XRF data\L000042.spe,98.64,6.43,1,0.018657,-0.005509,0.008729,0.098113,34427.80859,1.12,22,46,33,0,20,17,1457,0,412,140,343,0,272,56,405,375,0,43,57,70,0,0,0,181,38,0,65,286,61,38693,34596,Cr,1
P:\carob\llr\Data\2017\2017rc0101 M. Bird\Cr\U123_Cr_XRF\XRF data\L000043.spe,99.64,6.37,1,0.018657,-0.005509,0.008729,0.098113,34429.77734,1.35,6,20,12,15,0,7,1355,20,399,214,323,0,233,296,358,412,0,207,97,6,59,142,34,285,29,0,0,269,0,38590,33919,Cr,1
P:\carob\llr\Data\2017\2017rc0101 M. Bird\Cr\U123_Cr_XRF\XRF data\L000044.spe,100.64,6.34,1,0.018657,-0.005509,0.008729,0.098113,33221.46094,1.13,20,20,52,19,16,39,1366,0,599,276,263,0,472,0,362,469,0,131,174,78,0,58,0,42,46,7,6,284,0,37666,34417,Cr,1
P:\carob\llr\Data\2017\2017rc0101 M. Bird\Cr\U123_Cr_XRF\XRF data\L000045.spe,101.64,6.38,1,0.018657,-0.005509,0.008729,0.098113,33294.54688,1.26,0,23,58,7,11,12,1442,16,540,319,261,0,937,299,401,501,0,0,0,73,0,0,21,65,24,0,21,98,58,37998,35142,Cr,1
P:\carob\llr\Data\2017\2017rc0101 M. Bird\Cr\U123_Cr_XRF\XRF data\L000046.spe,102.64,6.38,1,0.018657,-0.005509,0.008729,0.098113,33714.11719,1.16,0,34,58,10,0,51,1512,11,396,322,305,0,718,250,403,505,0,184,267,46,29,113,0,32,29,5,0,149,0,36917,36597,Cr,1
P:\carob\llr\Data\2017\2017rc0101 M. Bird\Cr\U123_Cr_XRF\XRF data\L000047.spe,103.64,6.43,1,0.018657,-0.005509,0.008729,0.098113,33236.04297,1.19,9,26,13,10,0,20,1557,0,407,249,272,0,548,109,369,450,4,91,35,120,0,15,0,0,13,0,5,222,0,38000,32887,Cr,1
P:\carob\llr\Data\2017\2017rc0101 M. Bird\Cr\U123_Cr_XRF\XRF data\L000048.spe,104.64,6.42,1,0.018657,-0.005509,0.008729,0.098113,33006.45313,1.1,26,12,40,21,0,9,1591,6,361,189,363,0,290,177,387,387,21,80,69,9,0,12,0,92,29,0,42,281,83,38771,34198,Cr,1
P:\carob\llr\Data\2017\2017rc0101 M. Bird\Cr\U123_Cr_XRF\XRF data\L000049.spe,105.64,6.41,1,0.018657,-0.005509,0.008729,0.098113,34601.97656,1.22,54,17,22,5,17,0,1356,0,450,290,359,0,357,123,320,423,0,0,8,0,0,170,0,163,30,0,42,141,12,43027,38272,Cr,1
P:\carob\llr\Data\2017\2017rc0101 M. Bird\Cr\U123_Cr_XRF\XRF data\L000050.spe,106.64,6.33,1,0.018657,-0.005509,0.008729,0.098113,35413.83984,1.44,16,33,17,35,9,12,1337,0,397,291,320,0,361,309,332,408,0,41,67,0,13,69,0,69,14,0,0,350,0,44327,39734,Cr,1
P:\carob\llr\Data\2017\2017rc0101 M. Bird\Cr\U123_Cr_XRF\XRF data\L000051.spe,107.64,6.35,1,0.018657,-0.005509,0.008729,0.098113,34664.38672,1.15,10,0,45,11,0,15,1462,11,501,273,373,132,469,0,284,375,0,155,48,66,7,32,61,24,51,0,40,410,0,43238,38776,Cr,1
P:\carob\llr\Data\2017\2017rc0101 M. Bird\Cr\U123_Cr_XRF\XRF data\L000052.spe,108.64,6.38,1,0.018657,-0.005509,0.008729,0.098113,33077.95313,1.09,25,5,75,14,10,5,1501,14,716,426,324,50,943,186,389,473,61,0,50,64,50,0,50,169,21,0,31,176,0,38435,34164,Cr,1
P:\carob\llr\Data\2017\2017rc0101 M. Bird\Cr\U123_Cr_XRF\XRF data\L000053.spe,109.64,6.4,1,0.018657,-0.005509,0.008729,0.098113,32420.97852,1.16,28,19,425,13,15,57,1700,0,998,492,314,41,939,182,377,499,0,0,119,0,0,0,66,255,31,0,15,160,15,37655,33003,Cr,1
P:\carob\llr\Data\2017\2017rc0101 M. Bird\Cr\U123_Cr_XRF\XRF data\L000054.spe,110.64,6.4,1,0.018657,-0.005509,0.008729,0.098113,32345.72852,1.2,0,43,412,8,10,31,1751,4,1237,363,317,0,997,104,362,386,47,0,141,0,0,0,52,177,22,11,40,128,0,38723,35384,Cr,1
P:\carob\llr\Data\2017\2017rc0101 M. Bird\Cr\U123_Cr_XRF\XRF data\L000055.spe,111.64,6.45,1,0.018657,-0.005509,0.008729,0.098113,32509.47461,1.21,26,35,515,0,0,47,2074,0,1060,233,320,0,543,229,337,247,0,0,16,64,27,33,27,87,0,0,15,427,0,39425,33951,Cr,1
P:\carob\llr\Data\2017\2017rc0101 M. Bird\Cr\U123_Cr_XRF\XRF data\L000056.spe,112.64,6.38,1,0.018657,-0.005509,0.008729,0.098113,32002.51563,1.13,35,11,203,0,0,37,2119,0,561,183,291,0,263,89,398,353,28,173,154,0,0,72,0,64,41,0,57,143,0,36259,30386,Cr,1
P:\carob\llr\Data\2017\2017rc0101 M. Bird\Cr\U123_Cr_XRF\XRF data\L000057.spe,113.64,6.33,1,0.018657,-0.005509,0.008729,0.098113,30974.45117,1.11,0,18,71,5,0,25,1892,20,446,170,189,0,143,67,350,349,0,0,202,0,0,70,87,122,66,0,10,363,0,31345,26725,Cr,1
P:\carob\llr\Data\2017\2017rc0101 M. Bird\Cr\U123_Cr_XRF\XRF data\L000058.spe,114.64,6.22,1,0.018657,-0.005509,0.008729,0.098113,31519.7207,1.07,17,37,67,0,22,40,1803,21,528,288,228,61,81,0,347,309,0,38,0,0,82,117,75,75,46,6,0,198,58,31425,26921,Cr,1
P:\carob\llr\Data\2017\2017rc0101 M. Bird\Cr\U123_Cr_XRF\XRF data\L000059.spe,115.64,6.21,1,0.018657,-0.005509,0.008729,0.098113,33202.57031,1.17,12,25,111,0,11,27,1632,0,622,244,304,116,180,199,377,370,59,0,0,0,0,0,7,129,27,14,0,334,47,36858,31312,Cr,1
P:\carob\llr\Data\2017\2017rc0101 M. Bird\Cr\U123_Cr_XRF\XRF data\L000060.spe,116.64,6.35,1,0.018657,-0.005509,0.008729,0.098113,22993.04883,1.2,0,41,17,36,11,36,3398,12,151,0,8,110,76,0,262,37,0,0,5,0,6,139,184,233,103,15,0,84,0,7687,6321,Cr,1
P:\carob\llr\Data\2017\2017rc0101 M. Bird\Cr\U123_Cr_XRF\XRF data\L000061.spe,117.64,8,1,0.018657,-0.005509,0.008729,0.098113,17892.60352,1.88,0,0,0,0,24,50,4007,0,16,0,0,107,88,0,245,0,0,100,0,0,66,174,263,141,91,17,0,74,0,2030,1790,Cr,1
P:\carob\llr\Data\2017\2017rc0101 M. Bird\Cr\U123_Cr_XRF\XRF data\L000062.spe,118.64,8,1,0.018657,-0.005509,0.008729,0.098113,17774.20508,1.47,7,0,0,0,11,22,3866,7,0,0,0,46,94,0,240,0,0,0,0,21,156,163,25,42,140,29,0,137,35,1820,1849,Cr,1
P:\carob\llr\Data\2017\2017rc0101 M. Bird\Cr\U123_Cr_XRF\XRF data\L000063.spe,119.64,8,1,0.018657,-0.005509,0.008729,0.098113,17522.29688,1.92,0,0,4,18,13,34,3896,22,6,0,0,63,65,0,218,0,0,0,90,23,120,224,139,121,109,13,0,47,0,1808,1806,Cr,1
P:\carob\llr\Data\2017\2017rc0101 M. Bird\Cr\U123_Cr_XRF\XRF data\L000064.spe,120.64,8,1,0.018657,-0.005509,0.008729,0.098113,17697.31445,2.34,0,10,5,17,35,40,3871,8,0,0,0,14,71,0,232,0,0,112,0,86,25,211,93,87,119,0,0,120,0,1721,1750,Cr,1
P:\carob\llr\Data\2017\2017rc0101 M. Bird\Cr\U123_Cr_XRF\XRF data\L000065.spe,121.64,8,1,0.018657,-0.005509,0.008729,0.098113,17961.5,1.81,0,0,0,0,16,68,3924,13,11,0,0,185,95,0,263,0,0,0,0,82,113,44,157,207,140,14,10,100,41,2031,1702,Cr,1
P:\carob\llr\Data\2017\2017rc0101 M. Bird\Cr\U123_Cr_XRF\XRF data\L000066.spe,122.64,8,1,0.018657,-0.005509,0.008729,0.098113,18277.08594,2.37,0,7,17,10,22,22,3905,16,0,0,0,178,99,0,233,0,0,0,0,81,13,155,178,106,125,35,47,110,0,1871,1799,Cr,1
P:\carob\llr\Data\2017\2017rc0101 M. Bird\Cr\U123_Cr_XRF\XRF data\L000067.spe,123.64,8,1,0.018657,-0.005509,0.008729,0.098113,18259.38867,1.76,0,11,12,18,35,47,3872,12,5,0,0,120,83,0,246,0,0,51,0,47,90,189,192,152,116,18,0,62,11,1792,1778,Cr,1
P:\carob\llr\Data\2017\2017rc0101 M. Bird\Cr\U123_Cr_XRF\XRF data\L000068.spe,124.64,8,1,0.018657,-0.005509,0.008729,0.098113,18013.80078,2.97,0,0,0,21,24,42,3991,0,0,4,0,143,52,0,254,0,0,0,0,0,0,16,0,182,113,28,0,90,0,1871,1796,Cr,1
P:\carob\llr\Data\2017\2017rc0101 M. Bird\Cr\U123_Cr_XRF\XRF data\L000069.spe,125.64,8,1,0.018657,-0.005509,0.008729,0.098113,17956.29297,3.01,0,0,25,31,22,39,3871,22,0,0,0,185,66,0,245,0,0,125,0,27,0,139,93,127,109,12,0,130,34,1887,1781,Cr,1
P:\carob\llr\Data\2017\2017rc0101 M. Bird\Cr\U123_Cr_XRF\XRF data\L000070.spe,126.64,8,1,0.018657,-0.005509,0.008729,0.098113,17913.90234,2,0,6,0,21,0,37,4002,10,14,0,0,18,81,0,226,0,0,98,0,32,0,106,157,116,122,9,15,85,0,1755,1871,Cr,1
P:\carob\llr\Data\2017\2017rc0101 M. Bird\Cr\U123_Cr_XRF\XRF data\L000071.spe,127.64,8,1,0.018657,-0.005509,0.008729,0.098113,17816.39648,2.03,0,4,15,31,29,45,3986,6,0,0,0,123,98,0,218,6,0,0,13,0,76,219,180,276,128,36,0,0,0,1798,1824,Cr,1
P:\carob\llr\Data\2017\2017rc0101 M. Bird\Cr\U123_Cr_XRF\XRF data\L000072.spe,128.64,8,1,0.018657,-0.005509,0.008729,0.098113,17894.60547,1.58,0,5,0,6,12,34,3967,12,0,13,0,7,63,0,238,0,0,153,0,0,0,195,143,153,92,23,0,158,0,1834,1721,Cr,1
P:\carob\llr\Data\2017\2017rc0101 M. Bird\Cr\U123_Cr_XRF\XRF data\L000073.spe,129.64,8,1,0.018657,-0.005509,0.008729,0.098113,17582.32031,1.97,0,12,0,7,21,35,3865,22,15,0,0,114,77,0,235,0,0,190,0,0,13,78,128,121,131,0,0,164,0,2066,1703,Cr,1
P:\carob\llr\Data\2017\2017rc0101 M. Bird\Cr\U123_Cr_XRF\XRF data\L000074.spe,130.64,8,1,0.018657,-0.005509,0.008729,0.098113,17135.42773,1.82,0,0,0,0,0,23,3956,0,9,0,0,119,77,0,224,0,0,58,0,0,69,187,161,268,129,8,0,81,54,1824,1786,Cr,1
P:\carob\llr\Data\2017\2017rc0101 M. Bird\Cr\U123_Cr_XRF\XRF data\L000075.spe,131.64,8,1,0.018657,-0.005509,0.008729,0.098113,16751.09766,1.59,0,10,0,6,0,25,3916,0,7,0,0,94,71,0,222,0,0,103,45,18,0,135,187,327,102,8,0,98,0,1916,1748,Cr,1
P:\carob\llr\Data\2017\2017rc0101 M. Bird\Cr\U123_Cr_XRF\XRF data\L000076.spe,132.64,8,1,0.018657,-0.005509,0.008729,0.098113,17658.29688,1.6,0,5,6,0,5,33,3911,21,0,0,0,144,86,0,250,0,0,28,17,0,38,68,122,391,91,22,0,80,0,1883,1798,Cr,1
P:\carob\llr\Data\2017\2017rc0101 M. Bird\Cr\U123_Cr_XRF\XRF data\L000077.spe,133.64,8,1,0.018657,-0.005509,0.008729,0.098113,21630.31836,1.85,44,20,10,0,0,26,3861,9,0,0,0,245,106,0,339,0,0,0,14,0,135,211,266,255,84,0,0,196,0,2180,1800,Cr,1
P:\carob\llr\Data\2017\2017rc0101 M. Bird\Cr\U123_Cr_XRF\XRF data\L000078.spe,134.64,7.02,1,0.018657,-0.005509,0.008729,0.098113,34797.08984,1.12,17,23,213,16,29,5,2648,56,503,1354,182,0,1681,0,388,347,0,0,175,22,0,93,0,674,68,0,38,236,0,30940,31255,Cr,1
P:\carob\llr\Data\2017\2017rc0101 M. Bird\Cr\U123_Cr_XRF\XRF data\L000079.spe,135.64,6.88,1,0.018657,-0.005509,0.008729,0.098113,36967.375,1.17,11,4,513,0,0,44,2129,33,726,1981,301,7,2842,39,405,522,9,49,64,122,54,0,242,406,21,0,89,0,30,36099,39648,Cr,1
P:\carob\llr\Data\2017\2017rc0101 M. Bird\Cr\U123_Cr_XRF\XRF data\L000080.spe,136.64,6.88,1,0.018657,-0.005509,0.008729,0.098113,37360.14844,1.07,22,42,594,12,26,22,2130,80,815,2371,280,0,3272,52,384,541,11,0,26,107,52,127,0,698,44,0,75,127,0,36759,41396,Cr,1
P:\carob\llr\Data\2017\2017rc0101 M. Bird\Cr\U123_Cr_XRF\XRF data\L000081.spe,137.64,6.9,1,0.018657,-0.005509,0.008729,0.098113,37601.53906,1.17,49,58,518,4,28,30,2186,39,725,2311,264,0,2696,250,425,476,26,0,161,164,10,237,0,359,23,7,83,191,0,38016,41242,Cr,1
P:\carob\llr\Data\2017\2017rc0101 M. Bird\Cr\U123_Cr_XRF\XRF data\L000082.spe,138.64,6.89,1,0.018657,-0.005509,0.008729,0.098113,37677.91406,1.08,33,24,409,5,29,6,2190,27,601,1816,352,0,2391,0,319,464,0,351,71,176,0,46,32,720,21,16,45,44,0,39345,42858,Cr,1
P:\carob\llr\Data\2017\2017rc0101 M. Bird\Cr\U123_Cr_XRF\XRF data\L000083.spe,139.64,6.9,1,0.018657,-0.005509,0.008729,0.098113,36707.375,1.15,10,26,346,0,16,16,2341,27,626,1879,327,32,2349,0,477,363,31,417,230,266,0,102,12,636,42,21,89,316,0,37152,40719,Cr,1
P:\carob\llr\Data\2017\2017rc0101 M. Bird\Cr\U123_Cr_XRF\XRF data\L000084.spe,140.64,6.93,1,0.018657,-0.005509,0.008729,0.098113,38399.59766,1.09,29,21,218,0,32,19,1993,38,673,1996,351,0,2637,15,444,382,0,450,314,111,29,0,0,526,18,0,98,426,0,39776,43111,Cr,1
P:\carob\llr\Data\2017\2017rc0101 M. Bird\Cr\U123_Cr_XRF\XRF data\L000085.spe,141.64,6.89,1,0.018657,-0.005509,0.008729,0.098113,36303.81641,1.25,0,0,296,0,31,38,2427,45,614,1985,357,0,2874,139,390,560,7,0,96,39,113,0,0,469,13,0,0,0,0,34814,37378,Cr,1
P:\carob\llr\Data\2017\2017rc0101 M. Bird\Cr\U123_Cr_XRF\XRF data\L000086.spe,142.64,6.92,1,0.018657,-0.005509,0.008729,0.098113,39191.77344,1.11,24,29,201,31,7,20,1732,28,430,1647,320,0,2597,0,493,436,0,242,125,351,68,147,0,426,21,0,72,478,0,39963,40692,Cr,1
P:\carob\llr\Data\2017\2017rc0101 M. Bird\Cr\U123_Cr_XRF\XRF data\L000087.spe,143.64,6.85,1,0.018657,-0.005509,0.008729,0.098113,39768.62891,1.12,23,0,161,0,0,5,1769,30,416,1711,369,0,2726,115,400,507,0,348,171,295,164,93,58,487,24,0,117,205,0,44166,44810,Cr,1
P:\carob\llr\Data\2017\2017rc0101 M. Bird\Cr\U123_Cr_XRF\XRF data\L000088.spe,144.64,6.88,1,0.018657,-0.005509,0.008729,0.098113,38516.47266,1.06,38,60,273,0,7,6,2094,28,629,2329,354,12,3524,100,471,550,0,128,23,291,51,233,48,209,23,0,73,233,0,39998,42515,Cr,1
P:\carob\llr\Data\2017\2017rc0101 M. Bird\Cr\U123_Cr_XRF\XRF data\L000089.spe,145.64,6.89,1,0.018657,-0.005509,0.008729,0.098113,39105.28906,1.18,29,17,137,0,7,0,1820,18,579,2087,378,0,3384,45,418,568,5,0,269,276,22,58,0,280,27,0,91,0,0,40651,42951,Cr,1
P:\carob\llr\Data\2017\2017rc0101 M. Bird\Cr\U123_Cr_XRF\XRF data\L000090.spe,146.64,6.88,1,0.018657,-0.005509,0.008729,0.098113,38114.41406,1.22,15,32,123,10,0,0,2078,7,510,2069,351,0,3361,249,472,602,22,0,92,183,61,43,11,468,53,0,19,50,56,39726,41341,Cr,1
P:\carob\llr\Data\2017\2017rc0101 M. Bird\Cr\U123_Cr_XRF\XRF data\L000091.spe,147.64,6.9,1,0.018657,-0.005509,0.008729,0.098113,38708.58203,1.16,16,27,140,15,21,8,2127,11,528,2032,368,0,3453,0,419,357,10,208,133,273,0,97,130,302,24,0,58,307,0,39593,42870,Cr,1
P:\carob\llr\Data\2017\2017rc0101 M. Bird\Cr\U123_Cr_XRF\XRF data\L000092.spe,148.64,6.87,1,0.018657,-0.005509,0.008729,0.098113,38703.48828,1.15,7,19,112,26,5,0,1882,25,489,2096,266,0,3425,261,457,393,11,466,90,264,0,0,40,376,35,5,143,427,0,40265,42375,Cr,1
P:\carob\llr\Data\2017\2017rc0101 M. Bird\Cr\U123_Cr_XRF\XRF data\L000093.spe,149.64,6.89,1,0.018657,-0.005509,0.008729,0.098113,38291.41016,1.07,6,5,102,0,6,26,1978,49,650,2146,388,0,3801,99,390,529,0,52,32,330,0,0,155,243,0,0,86,274,0,40013,42256,Cr,1
P:\carob\llr\Data\2017\2017rc0101 M. Bird\Cr\U123_Cr_XRF\XRF data\L000094.spe,150.64,6.89,1,0.018657,-0.005509,0.008729,0.098113,38751.66797,1.15,12,29,194,14,0,14,2025,19,543,2383,262,0,4168,0,464,434,0,335,53,204,132,48,21,318,21,0,160,654,0,38758,41858,Cr,1
P:\carob\llr\Data\2017\2017rc0101 M. Bird\Cr\U123_Cr_XRF\XRF data\L000095.spe,151.64,6.89,1,0.018657,-0.005509,0.008729,0.098113,38514.99609,1.17,25,20,136,5,17,23,1964,25,563,2507,407,14,4202,176,474,560,0,0,0,290,0,0,31,225,19,12,51,319,75,40124,42385,Cr,1
P:\carob\llr\Data\2017\2017rc0101 M. Bird\Cr\U123_Cr_XRF\XRF data\L000096.spe,152.64,6.88,1,0.018657,-0.005509,0.008729,0.098113,38742.78906,1.03,27,62,171,22,17,28,1864,37,559,2120,335,0,4038,200,440,515,8,0,0,227,0,0,0,332,39,20,102,364,169,39733,42322,Cr,1
P:\carob\llr\Data\2017\2017rc0101 M. Bird\Cr\U123_Cr_XRF\XRF data\L000097.spe,153.64,6.88,1,0.018657,-0.005509,0.008729,0.098113,38831.08203,1.15,0,35,156,15,0,0,1866,19,514,1650,268,160,3360,22,415,674,0,0,0,299,0,98,0,303,28,0,121,0,82,41442,42190,Cr,1
P:\carob\llr\Data\2017\2017rc0101 M. Bird\Cr\U123_Cr_XRF\XRF data\L000098.spe,154.64,6.87,1,0.018657,-0.005509,0.008729,0.098113,39572.32813,1.09,73,57,288,29,36,33,1676,51,558,2315,340,0,4223,109,392,486,0,0,18,283,62,52,44,273,35,20,101,378,42,41992,44350,Cr,1
P:\carob\llr\Data\2017\2017rc0101 M. Bird\Cr\U123_Cr_XRF\XRF data\L000099.spe,155.64,6.91,1,0.018657,-0.005509,0.008729,0.098113,37343.83203,1.04,47,21,268,0,32,9,2162,0,577,2015,324,196,3595,248,401,368,0,0,273,155,0,0,56,703,34,0,103,405,0,38710,41884,Cr,1
P:\carob\llr\Data\2017\2017rc0101 M. Bird\Cr\U123_Cr_XRF\XRF data\L000100.spe,156.64,6.89,1,0.018657,-0.005509,0.008729,0.098113,37368.46875,1.18,0,8,191,0,0,0,1888,0,458,1755,344,41,2832,219,450,518,0,102,0,270,15,150,102,773,59,0,106,121,67,39242,43102,Cr,1
P:\carob\llr\Data\2017\2017rc0101 M. Bird\Cr\U123_Cr_XRF\XRF data\L000101.spe,157.64,6.9,1,0.018657,-0.005509,0.008729,0.098113,37654.15234,1.19,0,32,85,0,0,0,1963,10,426,1478,327,0,2950,207,469,605,84,125,153,180,0,52,27,675,31,0,15,45,0,41437,41666,Cr,1
P:\carob\llr\Data\2017\2017rc0101 M. Bird\Cr\U123_Cr_XRF\XRF data\L000102.spe,158.64,6.91,1,0.018657,-0.005509,0.008729,0.098113,37916.43359,1.16,26,22,166,0,0,12,1850,8,538,1666,322,207,2763,0,437,381,0,166,65,217,0,0,0,542,25,7,66,297,30,40289,43306,Cr,1
P:\carob\llr\Data\2017\2017rc0101 M. Bird\Cr\U123_Cr_XRF\XRF data\L000103.spe,159.64,6.88,1,0.018657,-0.005509,0.008729,0.098113,38225.51563,1.17,18,40,189,0,23,29,1813,23,513,1771,327,160,3301,148,431,351,0,0,25,64,0,58,24,429,13,0,82,354,0,41184,44137,Cr,1
P:\carob\llr\Data\2017\2017rc0101 M. Bird\Cr\U123_Cr_XRF\XRF data\L000104.spe,160.64,6.9,1,0.018657,-0.005509,0.008729,0.098113,37970.19531,1.14,0,28,244,29,12,38,1978,36,512,1871,408,339,3977,40,358,408,0,0,135,180,67,76,154,493,0,0,89,260,0,40706,43311,Cr,1
P:\carob\llr\Data\2017\2017rc0101 M. Bird\Cr\U123_Cr_XRF\XRF data\L000105.spe,161.64,6.9,1,0.018657,-0.005509,0.008729,0.098113,38506.48438,1.12,5,5,211,10,0,0,1703,33,457,1846,252,0,2780,0,439,306,0,0,57,95,112,112,105,268,27,0,46,355,0,40080,44046,Cr,1
P:\carob\llr\Data\2017\2017rc0101 M. Bird\Cr\U123_Cr_XRF\XRF data\L000106.spe,162.64,6.85,1,0.018657,-0.005509,0.008729,0.098113,38757.17578,1.15,39,34,174,24,14,17,1793,0,500,1867,337,191,2850,193,353,235,52,43,0,128,0,75,0,509,29,0,50,525,16,40451,43020,Cr,1
P:\carob\llr\Data\2017\2017rc0101 M. Bird\Cr\U123_Cr_XRF\XRF data\L000107.spe,163.64,6.91,1,0.018657,-0.005509,0.008729,0.098113,37793.81641,1.09,22,23,119,15,0,9,1919,39,485,1998,320,0,3108,0,362,486,0,121,189,226,0,30,0,537,28,0,32,220,0,40423,42889,Cr,1
P:\carob\llr\Data\2017\2017rc0101 M. Bird\Cr\U123_Cr_XRF\XRF data\L000108.spe,164.64,6.91,1,0.018657,-0.005509,0.008729,0.098113,37585.83594,1.15,37,26,309,16,19,10,2024,34,521,2666,318,0,3309,0,416,314,0,460,128,106,0,101,0,820,6,0,98,476,0,38827,42070,Cr,1
P:\carob\llr\Data\2017\2017rc0101 M. Bird\Cr\U123_Cr_XRF\XRF data\L000109.spe,165.64,6.93,1,0.018657,-0.005509,0.008729,0.098113,37957.40625,1.08,6,44,257,27,27,13,2041,0,508,2405,395,0,4726,193,480,415,0,130,142,240,0,0,0,479,31,26,106,383,0,38847,43056,Cr,1
P:\carob\llr\Data\2017\2017rc0101 M. Bird\Cr\U123_Cr_XRF\XRF data\L000110.spe,166.64,6.92,1,0.018657,-0.005509,0.008729,0.098113,38183.33203,1.28,11,53,168,25,11,0,1984,43,506,2371,293,0,3875,159,362,320,0,0,0,217,35,0,0,411,12,0,57,284,35,40604,42147,Cr,1
P:\carob\llr\Data\2017\2017rc0101 M. Bird\Cr\U123_Cr_XRF\XRF data\L000111.spe,167.64,6.91,1,0.018657,-0.005509,0.008729,0.098113,38328.59766,1.2,0,15,157,0,25,13,2080,27,540,2403,248,0,3974,300,395,317,0,90,205,182,0,0,0,508,31,0,14,541,0,40019,43022,Cr,1
P:\carob\llr\Data\2017\2017rc0101 M. Bird\Cr\U123_Cr_XRF\XRF data\L000112.spe,168.64,6.93,1,0.018657,-0.005509,0.008729,0.098113,38082.74609,1.08,41,22,176,10,19,12,2179,16,503,2124,338,0,3799,22,405,541,0,0,0,303,10,74,208,514,17,0,88,119,77,39811,42589,Cr,1
P:\carob\llr\Data\2017\2017rc0101 M. Bird\Cr\U123_Cr_XRF\XRF data\L000113.spe,169.64,6.92,1,0.018657,-0.005509,0.008729,0.098113,38236.71484,1.19,20,60,178,31,20,14,2149,20,526,2336,255,0,3662,307,391,395,0,197,40,288,83,141,67,363,31,0,66,421,0,40106,42536,Cr,1
P:\carob\llr\Data\2017\2017rc0101 M. Bird\Cr\U123_Cr_XRF\XRF data\L000114.spe,170.64,6.95,1,0.018657,-0.005509,0.008729,0.098113,37499.84766,1.05,19,34,153,50,0,7,2143,35,484,2064,361,0,3359,58,383,540,0,0,247,138,0,33,46,720,60,0,58,194,0,39411,39979,Cr,1
P:\carob\llr\Data\2017\2017rc0101 M. Bird\Cr\U123_Cr_XRF\XRF data\L000115.spe,171.64,6.95,1,0.018657,-0.005509,0.008729,0.098113,37616.63281,1.05,13,33,139,32,0,0,2096,30,460,2311,387,6,3267,136,422,510,0,190,27,183,81,48,132,676,32,0,0,293,75,40269,41140,Cr,1
P:\carob\llr\Data\2017\2017rc0101 M. Bird\Cr\U123_Cr_XRF\XRF data\L000116.spe,172.64,6.94,1,0.018657,-0.005509,0.008729,0.098113,37836.23047,1.05,30,30,198,28,48,33,1962,6,565,2087,344,0,3252,0,466,377,0,0,234,219,41,69,0,603,41,12,0,474,0,39371,42421,Cr,1
P:\carob\llr\Data\2017\2017rc0101 M. Bird\Cr\U123_Cr_XRF\XRF data\L000117.spe,173.64,6.93,1,0.018657,-0.005509,0.008729,0.098113,37885.61719,1.1,24,63,170,0,16,19,2160,18,561,2302,204,69,3029,0,458,382,0,0,67,121,0,159,0,578,0,0,38,274,24,39885,41711,Cr,1
P:\carob\llr\Data\2017\2017rc0101 M. Bird\Cr\U123_Cr_XRF\XRF data\L000118.spe,174.64,6.93,1,0.018657,-0.005509,0.008729,0.098113,37998.93359,1.08,35,6,175,5,19,5,1990,6,432,2236,321,10,2751,28,387,441,0,0,131,262,0,46,0,567,15,0,22,296,0,40734,42680,Cr,1
P:\carob\llr\Data\2017\2017rc0101 M. Bird\Cr\U123_Cr_XRF\XRF data\L000119.spe,175.64,6.94,1,0.018657,-0.005509,0.008729,0.098113,38201.70703,1.06,50,41,164,11,19,15,2021,0,443,1992,384,0,2805,139,401,453,0,0,148,167,17,43,0,554,29,10,109,334,0,41466,43236,Cr,1
P:\carob\llr\Data\2017\2017rc0101 M. Bird\Cr\U123_Cr_XRF\XRF data\L000120.spe,176.64,6.94,1,0.018657,-0.005509,0.008729,0.098113,38798.89063,1.04,5,11,159,0,0,33,2043,32,420,2153,360,0,2858,27,430,398,0,109,240,248,0,0,0,492,0,0,51,310,0,40844,42062,Cr,1
P:\carob\llr\Data\2017\2017rc0101 M. Bird\Cr\U123_Cr_XRF\XRF data\L000121.spe,177.64,6.95,1,0.018657,-0.005509,0.008729,0.098113,38613.80859,1.08,14,15,107,22,24,0,1993,14,494,2469,289,310,2886,77,466,527,0,0,149,242,15,92,0,403,20,0,43,266,0,41482,43142,Cr,1
P:\carob\llr\Data\2017\2017rc0101 M. Bird\Cr\U123_Cr_XRF\XRF data\L000122.spe,178.64,6.95,1,0.018657,-0.005509,0.008729,0.098113,38428.49219,1.13,0,20,78,0,10,17,2146,0,392,2082,337,0,2801,105,404,454,0,207,138,166,13,161,0,226,35,17,45,241,0,41525,41619,Cr,1
P:\carob\llr\Data\2017\2017rc0101 M. Bird\Cr\U123_Cr_XRF\XRF data\L000123.spe,179.64,6.95,1,0.018657,-0.005509,0.008729,0.098113,38471.58984,1.24,45,46,113,6,18,13,2019,0,423,1908,361,0,2848,0,426,538,0,183,146,237,0,6,167,260,24,0,82,201,0,41568,41364,Cr,1
P:\carob\llr\Data\2017\2017rc0101 M. Bird\Cr\U123_Cr_XRF\XRF data\L000124.spe,180.64,6.95,1,0.018657,-0.005509,0.008729,0.098113,37919.22656,1.19,60,31,141,11,0,5,2185,24,411,2007,270,0,3947,0,562,454,0,42,101,139,0,22,84,510,31,0,124,228,27,39699,40906,Cr,1
P:\carob\llr\Data\2017\2017rc0101 M. Bird\Cr\U123_Cr_XRF\XRF data\L000125.spe,181.64,6.96,1,0.018657,-0.005509,0.008729,0.098113,38184.19922,1.06,0,39,89,0,0,10,2160,39,489,1945,312,0,3920,190,412,399,68,7,83,363,0,146,0,253,21,0,199,494,0,40373,41677,Cr,1
P:\carob\llr\Data\2017\2017rc0101 M. Bird\Cr\U123_Cr_XRF\XRF data\L000126.spe,182.64,6.96,1,0.018657,-0.005509,0.008729,0.098113,37949.51953,1.23,10,8,111,13,0,15,2194,16,443,1926,398,0,2914,0,433,393,0,0,172,130,0,0,54,313,47,0,87,255,0,41149,42450,Cr,1
P:\carob\llr\Data\2017\2017rc0101 M. Bird\Cr\U123_Cr_XRF\XRF data\L000127.spe,183.64,6.95,1,0.018657,-0.005509,0.008729,0.098113,38192.42578,1.14,6,24,72,0,0,0,2085,17,396,2207,347,0,3014,185,357,526,0,0,241,122,65,60,64,364,9,0,29,127,0,40616,42079,Cr,1
P:\carob\llr\Data\2017\2017rc0101 M. Bird\Cr\U123_Cr_XRF\XRF data\L000128.spe,184.64,6.95,1,0.018657,-0.005509,0.008729,0.098113,37992.23438,1.06,36,6,105,0,0,0,2229,15,460,2196,361,0,3263,65,392,367,0,304,168,210,25,0,0,147,34,0,65,409,0,41743,41696,Cr,1
P:\carob\llr\Data\2017\2017rc0101 M. Bird\Cr\U123_Cr_XRF\XRF data\L000129.spe,185.64,6.95,1,0.018657,-0.005509,0.008729,0.098113,38418.28125,1.18,15,9,99,10,0,0,2019,9,497,2161,305,0,3062,157,427,536,0,0,70,84,28,45,0,452,19,0,157,134,28,42022,42422,Cr,1
P:\carob\llr\Data\2017\2017rc0101 M. Bird\Cr\U123_Cr_XRF\XRF data\L000130.spe,186.64,6.94,1,0.018657,-0.005509,0.008729,0.098113,38307.49609,1.07,18,19,127,24,18,0,2040,0,470,1898,421,0,2846,0,398,403,0,234,188,192,103,9,0,459,51,0,126,320,0,41680,42589,Cr,1
P:\carob\llr\Data\2017\2017rc0101 M. Bird\Cr\U123_Cr_XRF\XRF data\L000131.spe,187.64,6.96,1,0.018657,-0.005509,0.008729,0.098113,38306.80078,1.22,25,5,97,15,0,5,1968,18,397,1957,338,0,3364,340,397,330,0,70,37,191,0,32,121,574,56,0,131,440,0,41011,43253,Cr,1
P:\carob\llr\Data\2017\2017rc0101 M. Bird\Cr\U123_Cr_XRF\XRF data\L000132.spe,188.64,6.95,1,0.018657,-0.005509,0.008729,0.098113,39011.76953,1.2,44,28,158,0,0,17,1829,10,391,2064,347,0,3249,286,436,462,31,76,192,239,0,0,0,294,6,0,66,309,0,42737,43018,Cr,1
P:\carob\llr\Data\2017\2017rc0101 M. Bird\Cr\U123_Cr_XRF\XRF data\L000133.spe,189.64,6.92,1,0.018657,-0.005509,0.008729,0.098113,39050.52344,1.22,34,50,94,31,0,0,1806,5,491,2094,411,0,3162,242,317,314,0,0,0,266,42,0,0,540,15,0,78,434,61,42380,43035,Cr,1
P:\carob\llr\Data\2017\2017rc0101 M. Bird\Cr\U123_Cr_XRF\XRF data\L000134.spe,190.64,6.96,1,0.018657,-0.005509,0.008729,0.098113,38580.08203,1.27,12,7,124,10,7,0,2069,6,443,1907,396,0,3090,177,437,420,0,0,0,386,19,42,65,322,0,0,84,14,110,42891,42673,Cr,1
P:\carob\llr\Data\2017\2017rc0101 M. Bird\Cr\U123_Cr_XRF\XRF data\L000135.spe,191.64,6.97,1,0.018657,-0.005509,0.008729,0.098113,37943.94141,1,0,23,85,0,0,0,2232,9,469,1598,381,0,3017,70,419,570,0,37,199,171,0,0,137,479,63,0,87,62,0,41094,40771,Cr,1
P:\carob\llr\Data\2017\2017rc0101 M. Bird\Cr\U123_Cr_XRF\XRF data\L000136.spe,192.64,6.97,1,0.018657,-0.005509,0.008729,0.098113,37769.91016,1.14,0,14,152,5,10,0,2322,25,408,2002,366,0,2848,21,398,425,0,0,0,248,31,78,160,589,8,0,44,315,0,40806,42209,Cr,1
P:\carob\llr\Data\2017\2017rc0101 M. Bird\Cr\U123_Cr_XRF\XRF data\L000137.spe,193.64,6.97,1,0.018657,-0.005509,0.008729,0.098113,37833.82813,1.16,43,49,119,0,24,10,2166,0,447,1878,329,0,3234,362,472,484,0,78,0,119,102,74,7,526,27,25,94,229,89,42021,42414,Cr,1
P:\carob\llr\Data\2017\2017rc0101 M. Bird\Cr\U123_Cr_XRF\XRF data\L000138.spe,194.64,6.98,1,0.018657,-0.005509,0.008729,0.098113,37545.04297,1.23,38,0,88,19,0,0,2281,0,348,1461,295,0,2582,378,458,512,24,0,117,323,0,145,0,387,48,8,135,189,0,43122,41278,Cr,1
P:\carob\llr\Data\2017\2017rc0101 M. Bird\Cr\U123_Cr_XRF\XRF data\L000139.spe,195.64,6.98,1,0.018657,-0.005509,0.008729,0.098113,37668.54297,1.18,34,41,97,0,15,0,2231,30,431,1681,387,0,2949,0,337,584,0,0,244,167,44,0,0,1158,65,9,105,63,0,41894,41927,Cr,1
P:\carob\llr\Data\2017\2017rc0101 M. Bird\Cr\U123_Cr_XRF\XRF data\L000140.spe,196.64,6.97,1,0.018657,-0.005509,0.008729,0.098113,38233.60938,1.22,30,26,115,12,0,0,2290,0,389,1744,264,0,2976,219,431,298,0,514,145,101,119,206,0,753,44,0,130,536,0,43529,42068,Cr,1
P:\carob\llr\Data\2017\2017rc0101 M. Bird\Cr\U123_Cr_XRF\XRF data\L000141.spe,197.64,6.97,1,0.018657,-0.005509,0.008729,0.098113,38079.80859,1.19,0,29,96,8,0,0,2215,14,443,1912,313,0,3135,229,446,584,0,0,75,144,0,0,125,490,23,0,58,296,0,42157,41518,Cr,1
P:\carob\llr\Data\2017\2017rc0101 M. Bird\Cr\U123_Cr_XRF\XRF data\L000142.spe,198.64,6.99,1,0.018657,-0.005509,0.008729,0.098113,37952.02734,1.14,27,54,169,11,0,24,2435,0,442,2072,338,0,3479,0,440,420,0,105,0,270,0,147,174,587,16,0,48,508,96,41497,41230,Cr,1
P:\carob\llr\Data\2017\2017rc0101 M. Bird\Cr\U123_Cr_XRF\XRF data\L000143.spe,199.64,6.97,1,0.018657,-0.005509,0.008729,0.098113,37957.80859,1.12,38,27,88,12,44,21,2370,15,320,1357,368,0,7474,0,409,449,24,105,71,207,67,182,32,405,27,0,161,387,47,41834,40033,Cr,1
P:\carob\llr\Data\2017\2017rc0101 M. Bird\Cr\U123_Cr_XRF\XRF data\L000144.spe,200.64,6.97,1,0.018657,-0.005509,0.008729,0.098113,38622.26953,1.16,31,59,31,17,9,10,2447,0,274,1125,372,0,4818,201,449,506,30,303,111,86,0,57,63,342,0,4,5,431,0,43862,41442,Cr,1
P:\carob\llr\Data\2017\2017rc0101 M. Bird\Cr\U123_Cr_XRF\XRF data\L000145.spe,201.64,6.96,1,0.018657,-0.005509,0.008729,0.098113,38100.21484,1.22,23,52,91,0,9,0,2286,0,245,844,350,0,1759,36,370,430,0,64,0,83,0,214,106,505,35,0,35,415,62,45315,41614,Cr,1
P:\carob\llr\Data\2017\2017rc0101 M. Bird\Cr\U123_Cr_XRF\XRF data\L000146.spe,202.64,6.94,1,0.018657,-0.005509,0.008729,0.098113,37266.5625,1.13,35,55,33,28,17,0,2227,8,197,491,326,0,1517,120,449,500,0,0,226,126,0,33,0,517,12,0,53,204,0,44168,39385,Cr,1
P:\carob\llr\Data\2017\2017rc0101 M. Bird\Cr\U123_Cr_XRF\XRF data\L000147.spe,203.64,7,1,0.018657,-0.005509,0.008729,0.098113,35849.22656,1.15,0,28,80,16,11,6,2605,0,219,798,356,0,1713,0,371,315,0,310,0,111,0,62,13,458,44,0,101,342,0,39306,35812,Cr,1
P:\carob\llr\Data\2017\2017rc0101 M. Bird\Cr\U123_Cr_XRF\XRF data\L000148.spe,204.64,6.99,1,0.018657,-0.005509,0.008729,0.098113,37319.89063,1.16,36,21,76,0,9,18,2375,0,333,1501,361,0,2807,0,438,448,23,0,0,112,0,54,26,578,36,0,11,287,64,41004,39291,Cr,1
P:\carob\llr\Data\2017\2017rc0101 M. Bird\Cr\U123_Cr_XRF\XRF data\L000149.spe,205.64,6.97,1,0.018657,-0.005509,0.008729,0.098113,38825.97656,1.12,34,7,82,0,0,18,1992,0,357,1946,335,0,3255,176,466,414,0,119,181,296,38,78,0,394,46,15,119,229,0,43382,43458,Cr,1
P:\carob\llr\Data\2017\2017rc0101 M. Bird\Cr\U123_Cr_XRF\XRF data\L000150.spe,206.64,6.93,1,0.018657,-0.005509,0.008729,0.098113,37606.60938,1.27,0,20,69,0,0,13,2289,0,340,1428,280,0,3845,306,391,471,0,111,80,179,9,108,0,659,47,0,108,156,0,41482,39557,Cr,1
P:\carob\llr\Data\2017\2017rc0101 M. Bird\Cr\U123_Cr_XRF\XRF data\L000151.spe,207.64,7.05,1,0.018657,-0.005509,0.008729,0.098113,35787.44922,1.07,12,24,106,0,0,16,2539,22,281,1275,314,0,3559,112,519,395,0,0,79,71,0,61,171,482,56,0,61,286,0,37636,35426,Cr,1
P:\carob\llr\Data\2017\2017rc0101 M. Bird\Cr\U123_Cr_XRF\XRF data\L000152.spe,208.64,6.96,1,0.018657,-0.005509,0.008729,0.098113,37908.19141,1.13,6,25,43,7,0,0,2242,0,351,1302,415,12,2838,43,412,360,0,124,155,211,7,76,145,480,0,0,33,378,0,42776,41052,Cr,1
P:\carob\llr\Data\2017\2017rc0101 M. Bird\Cr\U123_Cr_XRF\XRF data\L000153.spe,209.64,7,1,0.018657,-0.005509,0.008729,0.098113,37721.83594,1.04,6,32,110,0,0,30,2305,0,392,1830,343,0,3103,16,397,285,52,330,96,82,12,0,15,571,53,0,43,614,31,42272,41356,Cr,1
P:\carob\llr\Data\2017\2017rc0101 M. Bird\Cr\U123_Cr_XRF\XRF data\L000154.spe,210.64,6.97,1,0.018657,-0.005509,0.008729,0.098113,38466.59375,1.09,52,44,114,15,24,12,2132,13,434,1901,354,18,3534,58,430,481,0,56,161,243,0,0,70,808,41,0,49,144,0,42954,42856,Cr,1
P:\carob\llr\Data\2017\2017rc0101 M. Bird\Cr\U123_Cr_XRF\XRF data\L000155.spe,211.64,7.01,1,0.018657,-0.005509,0.008729,0.098113,36982.26563,1.05,25,54,93,6,32,0,2464,8,403,1575,390,0,3260,0,365,173,0,266,28,90,7,0,114,572,91,0,120,381,0,40230,38992,Cr,1
P:\carob\llr\Data\2017\2017rc0101 M. Bird\Cr\U123_Cr_XRF\XRF data\L000156.spe,212.64,7.01,1,0.018657,-0.005509,0.008729,0.098113,37508.28516,1.14,16,32,51,17,0,9,2623,0,429,1862,364,0,4401,0,420,359,0,136,26,208,0,0,0,519,18,9,48,341,0,42216,39844,Cr,1
P:\carob\llr\Data\2017\2017rc0101 M. Bird\Cr\U123_Cr_XRF\XRF data\L000157.spe,213.64,7.03,1,0.018657,-0.005509,0.008729,0.098113,33775.76563,1.12,0,17,67,17,13,0,3067,11,280,1153,256,179,2756,0,442,325,0,33,99,0,140,106,76,534,73,0,16,22,0,29715,28181,Cr,1
P:\carob\llr\Data\2017\2017rc0101 M. Bird\Cr\U123_Cr_XRF\XRF data\L000158.spe,214.64,7.07,1,0.018657,-0.005509,0.008729,0.098113,35866.81641,1.08,7,31,27,12,0,19,2626,4,291,1350,274,16,3941,12,375,292,6,387,124,91,20,30,117,340,63,12,58,530,0,36679,33868,Cr,1
P:\carob\llr\Data\2017\2017rc0101 M. Bird\Cr\U123_Cr_XRF\XRF data\L000159.spe,215.64,6.97,1,0.018657,-0.005509,0.008729,0.098113,37761.63672,1.2,11,31,77,13,0,0,2366,0,353,1835,257,0,4653,349,419,430,30,114,0,137,0,76,88,569,70,0,95,346,9,39997,39332,Cr,1
P:\carob\llr\Data\2017\2017rc0101 M. Bird\Cr\U123_Cr_XRF\XRF data\L000160.spe,216.64,7.04,1,0.018657,-0.005509,0.008729,0.098113,34921.35547,1.15,0,46,81,36,23,7,2734,34,288,1590,313,0,3155,0,385,351,0,0,165,182,121,90,64,461,93,7,65,366,0,34846,31779,Cr,1
P:\carob\llr\Data\2017\2017rc0101 M. Bird\Cr\U123_Cr_XRF\XRF data\L000161.spe,217.64,7.03,1,0.018657,-0.005509,0.008729,0.098113,35036.85547,1.13,26,38,60,8,5,0,2746,20,372,1671,200,0,3371,0,404,441,0,83,155,99,77,124,19,504,76,0,59,348,0,34959,32695,Cr,1
P:\carob\llr\Data\2017\2017rc0101 M. Bird\Cr\U123_Cr_XRF\XRF data\L000162.spe,218.64,7.04,1,0.018657,-0.005509,0.008729,0.098113,34375.99219,1.04,0,28,79,7,0,15,2804,0,341,1481,244,363,3106,28,447,466,0,28,160,48,0,0,103,546,72,0,69,238,0,33145,29886,Cr,1
P:\carob\llr\Data\2017\2017rc0101 M. Bird\Cr\U123_Cr_XRF\XRF data\L000163.spe,219.64,7.07,1,0.018657,-0.005509,0.008729,0.098113,33900.20703,1.08,0,35,78,0,0,0,2955,0,302,1355,298,231,3764,0,399,421,0,49,105,22,20,213,58,428,35,0,7,206,0,31588,28608,Cr,1
P:\carob\llr\Data\2017\2017rc0101 M. Bird\Cr\U123_Cr_XRF\XRF data\L000164.spe,220.64,7.03,1,0.018657,-0.005509,0.008729,0.098113,36138.70703,1.14,20,48,102,24,11,12,2638,0,410,1666,375,0,3827,184,422,508,21,30,151,162,0,55,104,370,46,8,77,246,0,36858,34422,Cr,1
P:\carob\llr\Data\2017\2017rc0101 M. Bird\Cr\U123_Cr_XRF\XRF data\L000165.spe,221.64,7.01,1,0.018657,-0.005509,0.008729,0.098113,35990.11328,1.05,14,36,131,20,22,25,2794,30,431,1564,329,0,4356,0,427,479,58,207,132,23,0,0,0,280,46,11,64,234,0,36196,33726,Cr,1
P:\carob\llr\Data\2017\2017rc0101 M. Bird\Cr\U123_Cr_XRF\XRF data\L000166.spe,222.64,7.04,1,0.018657,-0.005509,0.008729,0.098113,34245.29297,1.11,0,29,69,0,0,37,2925,0,379,1542,237,129,3518,155,444,412,42,336,194,193,0,145,0,279,52,0,0,231,0,31023,29587,Cr,1
P:\carob\llr\Data\2017\2017rc0101 M. Bird\Cr\U123_Cr_XRF\XRF data\L000167.spe,223.64,7.04,1,0.018657,-0.005509,0.008729,0.098113,35060.05078,1.26,50,21,84,13,28,0,2815,35,296,1690,207,0,3944,0,447,458,0,66,236,27,102,148,140,290,63,0,53,257,0,33661,31187,Cr,1
P:\carob\llr\Data\2017\2017rc0101 M. Bird\Cr\U123_Cr_XRF\XRF data\L000168.spe,224.64,7.04,1,0.018657,-0.005509,0.008729,0.098113,34226.10547,1.31,0,28,50,21,25,0,2857,0,339,1406,274,11,3267,0,398,430,0,0,62,217,0,147,174,451,45,14,28,175,0,32858,29980,Cr,1
P:\carob\llr\Data\2017\2017rc0101 M. Bird\Cr\U123_Cr_XRF\XRF data\L000169.spe,225.64,7.02,1,0.018657,-0.005509,0.008729,0.098113,37007.75391,1.12,27,35,98,7,0,78,2558,5,433,1877,287,0,4196,0,430,550,0,0,166,199,0,101,97,263,45,11,23,102,0,38264,35865,Cr,1
P:\carob\llr\Data\2017\2017rc0101 M. Bird\Cr\U123_Cr_XRF\XRF data\L000170.spe,226.64,6.99,1,0.018657,-0.005509,0.008729,0.098113,33863.71484,1.19,18,37,52,12,0,12,2991,26,276,1423,249,0,3193,12,449,410,33,56,124,0,146,211,131,313,65,0,44,240,0,31355,28280,Cr,1
P:\carob\llr\Data\2017\2017rc0101 M. Bird\Cr\U123_Cr_XRF\XRF data\L000171.spe,227.64,7.04,1,0.018657,-0.005509,0.008729,0.098113,33613.125,1.05,28,40,77,24,22,38,3024,0,256,1319,193,0,3241,80,432,416,46,493,147,41,0,37,185,535,72,40,86,332,0,30587,27382,Cr,1
P:\carob\llr\Data\2017\2017rc0101 M. Bird\Cr\U123_Cr_XRF\XRF data\L000172.spe,228.64,7.01,1,0.018657,-0.005509,0.008729,0.098113,34655.77344,1.09,33,28,66,4,7,15,2847,25,334,1829,227,267,3696,0,516,399,0,329,122,32,0,0,174,353,94,6,10,279,0,33158,30238,Cr,1
P:\carob\llr\Data\2017\2017rc0101 M. Bird\Cr\U123_Cr_XRF\XRF data\L000173.spe,229.64,7,1,0.018657,-0.005509,0.008729,0.098113,35948.21875,1.17,0,0,87,0,0,24,2724,8,454,1739,275,0,3979,0,361,616,17,44,0,0,0,163,56,153,41,0,16,0,25,37016,32783,Cr,1
P:\carob\llr\Data\2017\2017rc0101 M. Bird\Cr\U123_Cr_XRF\XRF data\L000174.spe,230.64,7,1,0.018657,-0.005509,0.008729,0.098113,33540.54688,1.07,15,54,84,25,13,48,3062,0,314,1381,216,39,2992,40,438,326,28,276,43,154,39,110,405,357,66,10,0,339,0,30003,26577,Cr,1
P:\carob\llr\Data\2017\2017rc0101 M. Bird\Cr\U123_Cr_XRF\XRF data\L000175.spe,231.64,7.02,1,0.018657,-0.005509,0.008729,0.098113,31536.0332,1.25,0,0,53,0,0,0,3165,7,221,1093,128,0,2618,0,417,295,7,201,111,0,0,31,177,434,91,35,74,252,0,23995,21164,Cr,1
P:\carob\llr\Data\2017\2017rc0101 M. Bird\Cr\U123_Cr_XRF\XRF data\L000176.spe,232.64,7.02,1,0.018657,-0.005509,0.008729,0.098113,31797.51172,1.16,0,4,59,8,7,43,3045,6,188,1090,138,18,2324,0,344,309,0,26,185,0,0,0,109,478,87,16,98,68,0,24732,21646,Cr,1
P:\carob\llr\Data\2017\2017rc0101 M. Bird\Cr\U123_Cr_XRF\XRF data\L000177.spe,233.64,7.01,1,0.018657,-0.005509,0.008729,0.098113,29800.7168,1.04,0,27,32,0,0,24,3277,0,126,703,153,80,1704,0,499,231,0,0,117,15,0,215,241,462,75,9,0,346,0,21560,17512,Cr,1
P:\carob\llr\Data\2017\2017rc0101 M. Bird\Cr\U123_Cr_XRF\XRF data\L000178.spe,234.64,7.01,1,0.018657,-0.005509,0.008729,0.098113,30862.67969,1.11,0,0,44,0,0,0,3169,15,185,801,107,349,2052,0,417,294,9,0,77,0,115,186,78,342,71,0,0,110,0,22533,19127,Cr,1
P:\carob\llr\Data\2017\2017rc0101 M. Bird\Cr\U123_Cr_XRF\XRF data\L000179.spe,235.64,6.98,1,0.018657,-0.005509,0.008729,0.098113,29251.23828,1.33,0,14,46,0,34,12,3144,6,159,486,58,0,1359,0,479,248,0,0,0,0,6,201,188,286,120,0,33,14,0,18071,15091,Cr,1
P:\carob\llr\Data\2017\2017rc0101 M. Bird\Cr\U123_Cr_XRF\XRF data\L000180.spe,236.64,6.98,1,0.018657,-0.005509,0.008729,0.098113,30272.49414,1.17,0,6,0,6,22,31,3226,11,159,666,169,0,1665,58,388,301,0,0,206,0,47,191,202,397,43,17,0,47,0,20554,18172,Cr,1
P:\carob\llr\Data\2017\2017rc0101 M. Bird\Cr\U123_Cr_XRF\XRF data\L000181.spe,237.64,6.96,1,0.018657,-0.005509,0.008729,0.098113,25920.60352,1.28,10,27,24,8,16,56,3489,10,51,194,0,0,653,0,371,92,0,0,38,30,186,223,220,459,87,30,0,70,0,7848,6990,Cr,1
P:\carob\llr\Data\2017\2017rc0101 M. Bird\Cr\U123_Cr_XRF\XRF data\L000182.spe,238.64,7.03,1,0.018657,-0.005509,0.008729,0.098113,26611.29102,1.56,0,0,16,17,24,32,3488,7,97,265,14,0,880,0,421,45,0,0,0,9,0,224,282,374,89,16,8,177,13,10866,9602,Cr,1
P:\carob\llr\Data\2017\2017rc0101 M. Bird\Cr\U123_Cr_XRF\XRF data\L000183.spe,239.64,6.92,1,0.018657,-0.005509,0.008729,0.098113,28576.25391,1.32,0,16,18,22,16,40,3272,11,129,545,83,0,1419,0,319,210,0,93,27,0,0,164,175,350,78,14,0,166,0,18198,15386,Cr,1
P:\carob\llr\Data\2017\2017rc0101 M. Bird\Cr\U123_Cr_XRF\XRF data\L000184.spe,240.64,6.85,1,0.018657,-0.005509,0.008729,0.098113,31565.12891,1.02,0,7,17,0,13,22,3142,5,198,814,179,329,1796,7,452,252,0,24,63,0,145,258,174,290,57,0,0,177,0,26265,22317,Cr,1
P:\carob\llr\Data\2017\2017rc0101 M. Bird\Cr\U123_Cr_XRF\XRF data\L000185.spe,241.64,6.89,1,0.018657,-0.005509,0.008729,0.098113,26126.29297,1.13,0,0,0,15,0,42,3379,0,88,205,21,90,577,18,323,89,11,171,0,0,131,0,19,397,122,16,0,246,44,13390,11555,Cr,1
P:\carob\llr\Data\2017\2017rc0101 M. Bird\Cr\U123_Cr_XRF\XRF data\L000186.spe,242.64,6.89,1,0.018657,-0.005509,0.008729,0.098113,23053.45117,1.41,0,16,40,11,32,33,3437,29,36,50,0,135,401,0,324,52,0,0,0,0,0,148,126,227,143,14,0,73,0,5975,5314,Cr,1
P:\carob\llr\Data\2017\2017rc0101 M. Bird\Cr\U123_Cr_XRF\XRF data\L000187.spe,243.64,6.94,1,0.018657,-0.005509,0.008729,0.098113,22080.42383,1.5,0,0,0,0,20,40,3627,15,29,26,0,142,226,0,316,0,0,191,7,0,48,249,169,260,86,24,0,182,0,5029,4442,Cr,1
P:\carob\llr\Data\2017\2017rc0101 M. Bird\Cr\U123_Cr_XRF\XRF data\L000188.spe,244.64,6.89,1,0.018657,-0.005509,0.008729,0.098113,21935.28516,1.44,0,10,0,11,19,25,3531,0,43,40,0,105,246,0,353,100,0,0,0,39,0,343,226,334,151,9,0,0,0,6274,5576,Cr,1
P:\carob\llr\Data\2017\2017rc0101 M. Bird\Cr\U123_Cr_XRF\XRF data\L000189.spe,245.64,6.87,1,0.018657,-0.005509,0.008729,0.098113,21127.84375,1.33,30,0,0,10,23,10,3640,15,43,0,0,0,236,0,321,59,0,115,59,0,72,237,173,357,101,10,0,101,0,5181,4476,Cr,1
P:\carob\llr\Data\2017\2017rc0101 M. Bird\Cr\U123_Cr_XRF\XRF data\L000190.spe,246.64,6.93,1,0.018657,-0.005509,0.008729,0.098113,19573.32227,2.15,0,0,12,13,0,45,3627,9,0,0,0,108,123,0,254,0,0,106,0,0,211,382,174,339,110,14,0,71,0,1984,1859,Cr,1
P:\carob\llr\Data\2017\2017rc0101 M. Bird\Cr\U123_Cr_XRF\XRF data\L000191.spe,247.64,6.95,1,0.018657,-0.005509,0.008729,0.098113,21963.75391,1.27,0,7,12,17,35,50,3492,28,98,144,0,7,485,0,308,66,0,96,81,0,55,118,108,283,119,20,0,46,0,7261,6055,Cr,1
P:\carob\llr\Data\2017\2017rc0101 M. Bird\Cr\U123_Cr_XRF\XRF data\L000192.spe,248.64,6.8,1,0.018657,-0.005509,0.008729,0.098113,26068.39453,1.09,0,0,28,38,0,32,3292,8,240,412,148,182,1068,0,237,150,0,22,58,0,57,126,9,267,74,0,9,146,0,18215,15939,Cr,1
P:\carob\llr\Data\2017\2017rc0101 M. Bird\Cr\U123_Cr_XRF\XRF data\L000193.spe,249.64,6.64,1,0.018657,-0.005509,0.008729,0.098113,29582.32031,0.98,7,28,172,9,13,36,2698,7,856,656,283,0,1615,78,310,405,0,9,57,0,94,103,0,95,61,0,65,180,0,26975,24066,Cr,1
P:\carob\llr\Data\2017\2017rc0101 M. Bird\Cr\U123_Cr_XRF\XRF data\L000194.spe,250.64,6.24,1,0.018657,-0.005509,0.008729,0.098113,22794.52344,1.07,28,20,255,9,0,44,3141,62,944,251,125,130,232,0,242,126,23,23,110,0,74,107,0,150,62,11,7,132,0,15556,12537,Cr,1
P:\carob\llr\Data\2017\2017rc0101 M. Bird\Cr\U123_Cr_XRF\XRF data\L000195.spe,251.64,6.2,1,0.018657,-0.005509,0.008729,0.098113,21542.29688,1.63,0,10,313,0,0,60,3147,0,1192,133,98,132,123,0,206,48,0,112,0,0,198,194,27,104,60,0,23,148,0,10320,12450,Cr,1
