Z:\Data\2017\2017rc0101 M. Bird\U123_XRF\XRF data     13/10/2017  re-evaluated data,,,,,,,,,,,,,,,,,,,,,,,,,,,,,,,,,,,,,,,,,,,,,,
peakarea,,,,,,,,,,,,,,,,,,,,,,,,,,,,,,,,,,,,,,,,,,,,,,
filename,position (mm),sample surface,validity,E-gain,E-offset,F-slope,F-offset,kcps,MSE,Mg,Al,Si,P,S,Cl,Ar,K,Ca,Ti,Cr,Mn,Fe,Ni,Cu,Zn,Se,Br,Rb,Sr,Y,Zr,Sn,Cs,Ba,La,Ce,Pr,Nd,Hf,Ta,Pb,Bi,Mo inc,Mo coh,Tube,Location
Z:\Data\2017\2017rc0101 M. Bird\U123_XRF\XRF data\L000000.spe,64.85,5.34,1,0.018672,-0.004017,0.009226,0.089663,45502.51953,1.16,10,17,0,0,0,8,225,0,70,38,96,41,38,624,240,0,225,22,0,0,0,400,0,14,9,9,35,77,63,13,441,62,321,67736,12323,Mo,1
Z:\Data\2017\2017rc0101 M. Bird\U123_XRF\XRF data\L000001.spe,65.85,5.35,1,0.018672,-0.004017,0.009221,0.089663,45489.85547,1.19,0,0,0,0,0,0,254,0,59,14,98,25,0,594,329,0,326,53,0,229,0,356,13,9,49,21,22,51,84,9,310,121,225,68436,12257,Mo,1
Z:\Data\2017\2017rc0101 M. Bird\U123_XRF\XRF data\L000002.spe,66.85,5.35,1,0.018673,-0.004017,0.009223,0.089663,45184.9375,1.09,27,46,12,10,30,0,198,9,62,0,129,0,24,674,266,20,89,101,95,0,0,0,0,11,46,32,20,42,58,71,418,143,156,68386,12233,Mo,1
Z:\Data\2017\2017rc0101 M. Bird\U123_XRF\XRF data\L000003.spe,67.85,5.4,1,0.018673,-0.004017,0.009223,0.089663,43667.05469,1.04,17,0,22,25,18,15,285,0,59,53,78,9,46,643,317,0,208,117,0,0,0,344,0,14,6,7,48,63,49,84,203,21,54,67067,11970,Mo,1
Z:\Data\2017\2017rc0101 M. Bird\U123_XRF\XRF data\L000004.spe,68.85,5.43,1,0.018673,-0.004017,0.009223,0.089663,43523.32813,1.08,6,24,0,6,0,5,261,0,69,0,85,15,9,637,304,0,186,0,0,0,0,662,0,20,52,0,22,79,73,35,284,0,61,67270,12141,Mo,1
Z:\Data\2017\2017rc0101 M. Bird\U123_XRF\XRF data\L000005.spe,69.85,5.43,1,0.018673,-0.004017,0.009223,0.089663,43348.78516,1.03,0,0,0,0,0,0,290,8,62,54,105,20,0,683,320,0,31,0,0,0,100,446,0,19,0,37,52,41,55,32,148,0,91,68828,12366,Mo,1
Z:\Data\2017\2017rc0101 M. Bird\U123_XRF\XRF data\L000006.spe,70.85,5.43,1,0.018673,-0.004017,0.009223,0.089663,43586.57422,1.04,0,0,18,0,16,0,281,0,68,17,78,0,54,596,301,0,34,0,66,52,0,380,0,19,43,12,22,46,46,72,109,6,140,69796,11987,Mo,1
Z:\Data\2017\2017rc0101 M. Bird\U123_XRF\XRF data\L000007.spe,71.85,5.44,1,0.018673,-0.004017,0.009223,0.089663,44087.97656,1.01,0,17,20,9,0,0,263,11,58,45,107,30,90,701,245,22,0,45,102,0,0,446,0,0,5,0,18,51,48,21,222,0,106,69819,11966,Mo,1
Z:\Data\2017\2017rc0101 M. Bird\U123_XRF\XRF data\L000008.spe,72.85,5.44,1,0.018673,-0.004017,0.009223,0.089663,44983.69922,1.05,24,27,8,45,6,0,218,0,71,38,86,0,69,631,158,0,44,0,56,0,0,229,0,19,0,25,54,63,17,32,464,0,69,72002,11850,Mo,1
Z:\Data\2017\2017rc0101 M. Bird\U123_XRF\XRF data\L000009.spe,73.85,5.44,1,0.018673,-0.004017,0.009223,0.089663,45587.80469,1.07,36,18,8,16,8,0,209,0,33,0,87,0,6,650,231,0,151,0,0,27,0,561,0,20,16,11,33,64,47,52,385,45,116,72640,12268,Mo,1
Z:\Data\2017\2017rc0101 M. Bird\U123_XRF\XRF data\L000010.spe,74.85,5.46,1,0.018673,-0.004017,0.009223,0.089663,44889.9375,1.09,12,32,26,17,0,16,232,0,63,30,91,47,118,692,154,0,0,0,53,82,0,286,0,5,18,15,37,40,28,6,297,22,107,72762,12073,Mo,1
Z:\Data\2017\2017rc0101 M. Bird\U123_XRF\XRF data\L000011.spe,75.85,5.46,1,0.018673,-0.004017,0.009223,0.089663,45211.22266,1.02,7,25,23,7,17,0,215,0,52,33,67,5,65,681,175,0,5,0,122,160,0,114,0,0,0,22,66,46,44,67,332,40,115,74010,12049,Mo,1
Z:\Data\2017\2017rc0101 M. Bird\U123_XRF\XRF data\L000012.spe,76.85,5.47,1,0.018673,-0.004017,0.009223,0.089663,44450.56641,1.05,31,15,18,0,17,0,221,0,12,61,78,0,63,714,220,66,165,0,97,90,229,485,0,0,0,26,45,38,66,117,296,0,41,72569,11803,Mo,1
Z:\Data\2017\2017rc0101 M. Bird\U123_XRF\XRF data\L000013.spe,77.85,5.57,1,0.018673,-0.004017,0.009223,0.089663,43922.28125,0.97,23,0,18,18,0,0,269,0,44,45,94,0,68,812,203,28,0,0,0,32,155,528,0,0,5,45,40,34,17,189,292,0,0,72548,12116,Mo,1
Z:\Data\2017\2017rc0101 M. Bird\U123_XRF\XRF data\L000014.spe,78.85,5.56,1,0.018673,-0.004017,0.009223,0.089663,44257.50781,1.02,15,46,21,23,31,0,245,0,15,10,80,0,69,773,255,0,0,0,23,186,145,491,0,6,28,20,23,21,49,63,187,0,7,72188,12027,Mo,1
Z:\Data\2017\2017rc0101 M. Bird\U123_XRF\XRF data\L000015.spe,79.85,5.59,1,0.018673,-0.004017,0.009223,0.089663,42880.71875,1.12,0,0,0,0,4,0,345,0,12,74,67,0,12,810,263,0,0,0,166,158,215,615,10,0,0,35,35,32,33,77,200,0,0,71454,11956,Mo,1
Z:\Data\2017\2017rc0101 M. Bird\U123_XRF\XRF data\L000016.spe,80.85,5.64,1,0.018673,-0.004017,0.009223,0.089663,42315.03125,1.18,0,0,0,0,5,0,347,8,57,26,89,17,209,729,160,0,0,0,83,47,78,460,0,0,22,13,12,48,28,69,252,0,20,71036,11559,Mo,1
Z:\Data\2017\2017rc0101 M. Bird\U123_XRF\XRF data\L000017.spe,81.85,5.65,1,0.018673,-0.004017,0.009223,0.089663,41692.53516,1.1,0,17,39,7,10,0,356,0,21,18,59,39,166,867,128,91,0,0,160,89,254,611,0,0,0,0,16,28,42,129,323,0,69,70106,11958,Mo,1
Z:\Data\2017\2017rc0101 M. Bird\U123_XRF\XRF data\L000018.spe,82.85,5.65,1,0.018673,-0.004017,0.009223,0.089663,41510.83984,1.17,0,0,0,32,25,0,342,5,0,43,48,27,303,803,152,0,44,0,52,113,315,520,0,7,0,11,38,28,10,42,302,0,13,69673,12021,Mo,1
Z:\Data\2017\2017rc0101 M. Bird\U123_XRF\XRF data\L000019.spe,83.85,5.7,1,0.018673,-0.004017,0.009223,0.089663,40045.38281,1.22,0,30,16,20,0,12,361,0,15,51,100,25,251,802,186,50,0,0,82,189,151,785,0,0,0,0,7,22,0,50,186,0,53,68629,11281,Mo,1
Z:\Data\2017\2017rc0101 M. Bird\U123_XRF\XRF data\L000020.spe,84.85,5.72,1,0.018673,-0.004017,0.009223,0.089663,40403.56641,1.1,0,18,13,18,33,26,401,0,15,60,53,32,187,889,272,61,0,0,155,0,0,687,0,9,0,0,15,44,27,126,130,0,0,68638,11447,Mo,1
Z:\Data\2017\2017rc0101 M. Bird\U123_XRF\XRF data\L000021.spe,85.85,5.69,1,0.018673,-0.004017,0.009223,0.089663,41551.01563,1.14,0,13,13,13,0,0,284,0,11,48,63,5,506,828,282,25,0,0,145,55,43,771,0,0,0,0,25,47,15,60,86,0,37,69765,11701,Mo,1
Z:\Data\2017\2017rc0101 M. Bird\U123_XRF\XRF data\L000022.spe,86.85,5.69,1,0.018673,-0.004017,0.009223,0.089663,40677.15234,1.07,6,37,0,11,0,0,377,0,22,19,43,0,181,737,213,0,0,0,286,84,50,693,0,0,8,20,0,0,19,59,158,0,0,69582,11391,Mo,1
Z:\Data\2017\2017rc0101 M. Bird\U123_XRF\XRF data\L000023.spe,87.85,5.73,1,0.018673,-0.004017,0.009223,0.089663,41792.42578,1.16,0,0,6,0,20,0,350,0,11,62,45,20,264,711,208,14,0,0,190,121,88,480,0,0,0,0,39,40,0,27,290,0,66,69571,11227,Mo,1
Z:\Data\2017\2017rc0101 M. Bird\U123_XRF\XRF data\L000024.spe,88.85,5.65,1,0.018673,-0.004017,0.009223,0.089663,43810.43359,1,13,20,35,0,11,13,323,0,48,58,109,20,346,644,282,16,90,126,90,0,0,483,0,0,15,19,48,55,61,44,261,49,128,69372,11424,Mo,1
Z:\Data\2017\2017rc0101 M. Bird\U123_XRF\XRF data\L000025.spe,89.85,5.69,1,0.018673,-0.004017,0.009223,0.089663,41317.62891,1.11,0,0,0,0,0,0,331,0,25,0,101,0,463,782,139,42,0,0,129,0,80,570,0,5,24,34,10,28,34,32,293,0,0,69029,11436,Mo,1
Z:\Data\2017\2017rc0101 M. Bird\U123_XRF\XRF data\L000026.spe,90.85,5.76,1,0.018673,-0.004017,0.009223,0.089663,41185.34766,1.12,0,11,13,13,0,0,339,5,28,26,58,0,260,741,202,0,26,0,117,256,157,497,0,8,0,7,10,20,37,86,183,0,0,69544,11595,Mo,1
Z:\Data\2017\2017rc0101 M. Bird\U123_XRF\XRF data\L000027.spe,91.85,5.71,1,0.018673,-0.004017,0.009223,0.089663,41578.48438,1.11,31,51,26,4,0,0,358,0,34,45,74,0,233,782,182,33,0,0,63,78,114,436,0,4,0,0,33,27,15,129,330,0,0,70724,11832,Mo,1
Z:\Data\2017\2017rc0101 M. Bird\U123_XRF\XRF data\L000028.spe,92.85,5.77,1,0.018673,-0.004017,0.009223,0.089663,42814.80469,1.04,5,6,0,0,0,0,324,0,0,54,85,0,570,815,189,28,0,0,189,256,155,649,5,10,0,23,44,34,8,11,299,0,0,71380,12269,Mo,1
Z:\Data\2017\2017rc0101 M. Bird\U123_XRF\XRF data\L000029.spe,93.85,5.72,1,0.018673,-0.004017,0.009223,0.089663,42793.21094,1.09,0,0,0,6,0,0,337,4,13,22,69,15,484,896,269,0,0,0,0,189,0,725,5,14,17,27,24,33,52,98,134,0,0,71443,12310,Mo,1
Z:\Data\2017\2017rc0101 M. Bird\U123_XRF\XRF data\L000030.spe,94.85,5.74,1,0.018673,-0.004017,0.009223,0.089663,44565.82813,0.98,7,25,43,22,0,0,261,0,33,42,59,16,419,638,280,27,41,62,0,71,0,449,0,19,0,9,54,40,37,54,227,9,98,71239,11996,Mo,1
Z:\Data\2017\2017rc0101 M. Bird\U123_XRF\XRF data\L000031.spe,95.85,5.66,1,0.018673,-0.004017,0.009223,0.089663,43141.29688,1.03,0,0,0,22,20,0,284,10,36,18,63,8,235,826,183,115,0,0,0,74,0,548,0,10,24,6,43,46,41,149,215,0,63,70932,11780,Mo,1
Z:\Data\2017\2017rc0101 M. Bird\U123_XRF\XRF data\L000032.spe,96.85,5.69,1,0.018673,-0.004017,0.009223,0.089663,45865.39453,1.16,30,38,7,19,0,0,210,0,43,38,117,0,5,712,409,63,46,0,40,0,16,330,7,0,25,39,32,31,62,161,412,82,186,72281,12147,Mo,1
Z:\Data\2017\2017rc0101 M. Bird\U123_XRF\XRF data\L000033.spe,97.85,5.65,1,0.018673,-0.004017,0.009223,0.089663,46430.52344,1.09,22,15,22,0,0,0,265,0,14,15,70,70,189,698,496,14,267,153,132,0,0,292,6,0,22,35,40,59,84,33,176,0,0,73418,12600,Mo,1
Z:\Data\2017\2017rc0101 M. Bird\U123_XRF\XRF data\L000034.spe,98.85,5.63,1,0.018673,-0.004017,0.009223,0.089663,46213.50781,1.11,0,21,0,0,0,27,252,0,45,49,78,30,305,667,250,191,197,0,23,0,0,175,0,19,9,11,55,52,52,120,398,0,77,72921,12325,Mo,1
Z:\Data\2017\2017rc0101 M. Bird\U123_XRF\XRF data\L000035.spe,99.85,5.68,1,0.018673,-0.004017,0.009223,0.089663,46377.49609,1.27,0,0,0,0,9,0,234,0,34,40,118,45,345,513,222,58,182,25,122,216,109,297,0,0,0,25,50,51,54,18,296,29,89,74130,12632,Mo,1
Z:\Data\2017\2017rc0101 M. Bird\U123_XRF\XRF data\L000036.spe,100.85,5.66,1,0.018673,-0.004017,0.009223,0.089663,46228.94531,1.06,33,53,22,36,5,0,287,0,36,46,105,70,283,725,369,55,269,30,0,18,0,495,15,26,11,12,23,75,85,98,244,0,175,73121,12565,Mo,1
Z:\Data\2017\2017rc0101 M. Bird\U123_XRF\XRF data\L000037.spe,101.85,5.68,1,0.018673,-0.004017,0.009223,0.089663,46386.07422,1.11,0,25,16,41,0,17,224,19,46,20,86,374,296,605,454,141,220,0,0,0,43,653,0,14,29,30,19,64,112,85,139,0,139,73211,12739,Mo,1
Z:\Data\2017\2017rc0101 M. Bird\U123_XRF\XRF data\L000038.spe,102.85,5.66,1,0.018673,-0.004017,0.009223,0.089663,47584.96484,1.25,0,45,19,40,0,0,175,0,35,37,118,263,246,502,382,95,310,108,64,0,0,197,0,0,26,28,50,62,89,49,187,31,208,72771,12300,Mo,1
Z:\Data\2017\2017rc0101 M. Bird\U123_XRF\XRF data\L000039.spe,103.85,5.58,1,0.018673,-0.004017,0.009223,0.089663,48135.51563,1.43,0,21,38,16,0,7,177,0,34,42,119,460,0,453,359,118,355,223,0,0,0,369,0,0,13,30,52,41,63,52,299,0,171,73039,12224,Mo,1
Z:\Data\2017\2017rc0101 M. Bird\U123_XRF\XRF data\L000040.spe,104.85,5.57,1,0.018673,-0.004017,0.009223,0.089663,48749.89844,1.82,5,64,20,29,32,0,120,0,28,27,145,709,0,431,251,141,457,43,0,0,0,178,6,0,20,30,49,46,46,118,251,193,217,73109,12338,Mo,1
Z:\Data\2017\2017rc0101 M. Bird\U123_XRF\XRF data\L000041.spe,105.85,5.46,1,0.018673,-0.004017,0.009223,0.089663,48842.44922,1.64,0,28,36,9,14,5,26,0,65,72,118,295,430,453,302,178,549,192,0,0,0,135,0,9,0,15,49,25,20,65,202,103,227,74201,12562,Mo,1
Z:\Data\2017\2017rc0101 M. Bird\U123_XRF\XRF data\L000042.spe,106.85,5.49,1,0.018673,-0.004017,0.009223,0.089663,48768.46484,1.59,20,36,30,30,18,0,84,0,84,55,87,164,11,363,285,87,256,0,0,0,0,78,0,0,0,15,42,35,55,169,134,126,202,73646,12456,Mo,1
Z:\Data\2017\2017rc0101 M. Bird\U123_XRF\XRF data\L000043.spe,107.85,5.48,1,0.018673,-0.004017,0.009223,0.089663,48769.15625,2.06,7,35,33,25,16,0,112,0,38,43,113,993,0,406,236,134,233,291,0,0,0,54,0,0,0,20,62,53,47,112,197,71,151,74014,12325,Mo,1
Z:\Data\2017\2017rc0101 M. Bird\U123_XRF\XRF data\L000044.spe,108.85,5.54,1,0.018673,-0.004017,0.009223,0.089663,48898.11328,1.94,28,47,41,19,8,10,135,11,49,39,93,650,0,406,205,113,239,218,0,0,0,164,0,23,0,22,65,49,36,122,257,25,141,74241,12661,Mo,1
Z:\Data\2017\2017rc0101 M. Bird\U123_XRF\XRF data\L000045.spe,109.85,5.54,1,0.018673,-0.004017,0.009223,0.089663,48460.48047,1.78,0,27,26,0,13,0,121,7,11,28,85,532,0,513,359,153,361,216,0,0,0,0,0,17,12,16,24,26,70,185,225,259,236,73821,12315,Mo,1
Z:\Data\2017\2017rc0101 M. Bird\U123_XRF\XRF data\L000046.spe,110.85,5.63,1,0.018673,-0.004017,0.009223,0.089663,47190.03516,1.26,25,41,57,19,0,13,239,0,14,10,122,178,32,527,280,129,121,0,0,170,0,268,10,14,41,20,26,57,70,103,237,52,101,74136,11944,Mo,1
Z:\Data\2017\2017rc0101 M. Bird\U123_XRF\XRF data\L000047.spe,111.85,5.54,1,0.018673,-0.004017,0.009223,0.089663,48752.70313,1.52,5,0,15,19,0,7,91,0,30,52,105,180,34,500,347,0,508,111,89,0,0,187,0,0,7,29,49,42,39,119,100,195,329,75076,12119,Mo,1
Z:\Data\2017\2017rc0101 M. Bird\U123_XRF\XRF data\L000048.spe,112.85,5.54,1,0.018673,-0.004017,0.009223,0.089663,48713.41016,1.5,0,25,36,38,0,14,105,0,43,29,93,179,105,412,127,49,299,215,0,0,0,221,6,8,16,27,52,65,67,133,279,165,237,74259,12123,Mo,1
Z:\Data\2017\2017rc0101 M. Bird\U123_XRF\XRF data\L000049.spe,113.85,5.54,1,0.018673,-0.004017,0.009223,0.089663,48784.69922,1.57,0,50,27,0,5,0,108,12,41,37,194,33,495,483,119,0,361,0,0,0,0,69,5,20,28,14,29,94,108,140,486,186,286,74266,12339,Mo,1
Z:\Data\2017\2017rc0101 M. Bird\U123_XRF\XRF data\L000050.spe,114.85,5.54,1,0.018673,-0.004017,0.009223,0.089663,48788.79297,1.46,0,52,45,21,10,0,69,0,21,53,106,9,84,565,309,0,529,186,0,0,0,254,0,0,0,5,69,78,79,56,183,170,266,73943,11981,Mo,1
Z:\Data\2017\2017rc0101 M. Bird\U123_XRF\XRF data\L000051.spe,115.85,5.54,1,0.018673,-0.004017,0.009223,0.089663,48865.20703,1.54,11,57,19,41,7,12,71,0,41,5,264,20,28,538,267,0,385,151,0,0,0,279,0,0,34,33,42,47,72,146,319,250,414,73792,12241,Mo,1
Z:\Data\2017\2017rc0101 M. Bird\U123_XRF\XRF data\L000052.spe,116.85,5.54,1,0.018673,-0.004017,0.009223,0.089663,48733.01953,1.44,0,33,30,29,0,0,78,0,38,26,701,0,1093,635,335,7,367,88,0,0,0,0,0,0,0,19,54,70,100,65,278,256,307,73212,12216,Mo,1
Z:\Data\2017\2017rc0101 M. Bird\U123_XRF\XRF data\L000053.spe,117.85,5.61,1,0.018673,-0.004017,0.009223,0.089663,47355.24609,1.29,22,24,32,26,11,0,187,4,26,25,169,7,50,577,307,0,255,27,0,78,0,141,0,0,16,31,59,78,81,14,294,145,343,72546,12252,Mo,1
Z:\Data\2017\2017rc0101 M. Bird\U123_XRF\XRF data\L000054.spe,118.85,5.73,1,0.018673,-0.004017,0.009223,0.089663,46167.99609,1.03,4,5,40,21,12,7,267,0,43,28,137,0,0,605,424,175,57,0,160,35,0,215,0,34,19,32,70,53,66,83,223,122,246,72901,11989,Mo,1
Z:\Data\2017\2017rc0101 M. Bird\U123_XRF\XRF data\L000055.spe,119.85,5.76,1,0.018673,-0.004017,0.009223,0.089663,45711.5,1.07,0,25,22,12,0,0,231,0,38,65,195,20,328,730,341,88,92,56,0,0,0,351,0,0,0,43,84,72,65,144,123,0,260,72513,11766,Mo,1
Z:\Data\2017\2017rc0101 M. Bird\U123_XRF\XRF data\L000056.spe,120.85,5.76,1,0.018673,-0.004017,0.009223,0.089663,46499.44922,1.16,33,12,17,0,0,0,251,8,38,79,1925,29,6376,1376,352,120,107,0,0,0,0,299,0,18,0,24,46,97,86,158,188,26,122,72276,11845,Mo,1
Z:\Data\2017\2017rc0101 M. Bird\U123_XRF\XRF data\L000057.spe,121.85,5.76,1,0.018673,-0.004017,0.009223,0.089663,46759.95313,1.05,13,18,52,10,0,0,241,0,39,55,267,0,1480,882,235,0,0,0,0,0,0,216,0,0,0,42,65,64,26,196,398,12,21,73367,12296,Mo,1
Z:\Data\2017\2017rc0101 M. Bird\U123_XRF\XRF data\L000058.spe,122.85,5.76,1,0.018673,-0.004017,0.009223,0.089663,46640.15625,1.15,0,37,21,0,0,0,215,0,52,7,381,18,1372,745,436,0,180,0,0,0,0,342,0,9,49,27,58,48,54,78,50,45,128,73626,12294,Mo,1
Z:\Data\2017\2017rc0101 M. Bird\U123_XRF\XRF data\L000059.spe,123.85,5.78,1,0.018673,-0.004017,0.009223,0.089663,45894.30078,1.06,39,43,28,15,0,0,259,15,61,5,108,44,1579,753,241,12,173,0,44,80,0,541,0,0,40,50,78,27,9,137,251,0,231,73006,11965,Mo,1
Z:\Data\2017\2017rc0101 M. Bird\U123_XRF\XRF data\L000060.spe,124.85,5.77,1,0.018673,-0.004017,0.009223,0.089663,47061.29688,1.14,17,49,24,29,0,0,227,0,45,39,611,94,5109,929,352,0,142,0,0,0,0,580,0,12,0,13,105,88,11,100,232,92,74,72938,12280,Mo,1
Z:\Data\2017\2017rc0101 M. Bird\U123_XRF\XRF data\L000061.spe,125.85,5.8,1,0.018673,-0.004017,0.009223,0.089663,46235.65234,1.1,12,17,14,0,0,0,261,0,36,36,144,57,778,676,299,0,113,166,0,0,0,458,0,12,35,20,98,70,27,17,432,38,28,73577,12428,Mo,1
Z:\Data\2017\2017rc0101 M. Bird\U123_XRF\XRF data\L000062.spe,126.85,5.8,1,0.018673,-0.004017,0.009223,0.089663,46391.39844,1.05,0,39,8,28,0,0,252,0,46,17,182,69,596,799,279,0,86,0,0,121,162,514,0,0,31,30,51,49,49,49,377,72,104,74747,12452,Mo,1
Z:\Data\2017\2017rc0101 M. Bird\U123_XRF\XRF data\L000063.spe,127.85,5.8,1,0.018673,-0.004017,0.009223,0.089663,46752.05078,1.15,0,41,20,28,6,0,217,0,56,95,220,36,1237,732,401,0,0,120,0,0,0,522,0,0,0,31,57,57,55,64,156,105,164,74301,12446,Mo,1
Z:\Data\2017\2017rc0101 M. Bird\U123_XRF\XRF data\L000064.spe,128.85,5.8,1,0.018673,-0.004017,0.009223,0.089663,46634.02344,1.08,0,0,0,6,0,0,220,0,78,34,147,0,973,804,213,53,119,93,52,0,0,350,0,0,32,29,49,48,39,9,501,146,12,73420,12576,Mo,1
Z:\Data\2017\2017rc0101 M. Bird\U123_XRF\XRF data\L000065.spe,129.85,5.81,1,0.018673,-0.004017,0.009223,0.089663,46731.61719,1.07,16,23,9,51,18,10,236,0,50,52,197,10,587,787,331,35,26,0,0,0,0,127,19,28,0,24,92,70,56,50,276,35,164,75201,12537,Mo,1
Z:\Data\2017\2017rc0101 M. Bird\U123_XRF\XRF data\L000066.spe,130.85,5.81,1,0.018673,-0.004017,0.009223,0.089663,46293.11719,1.16,7,11,22,0,0,0,234,0,54,34,102,0,229,767,262,0,0,6,0,0,0,413,0,0,0,26,46,91,69,14,230,0,0,74343,12464,Mo,1
Z:\Data\2017\2017rc0101 M. Bird\U123_XRF\XRF data\L000067.spe,131.85,5.81,1,0.018673,-0.004017,0.009223,0.089663,46277.94531,1.11,0,31,35,0,0,4,231,0,32,22,143,0,213,733,146,0,117,42,105,0,0,482,0,0,21,39,37,28,64,27,239,100,57,73821,12473,Mo,1
Z:\Data\2017\2017rc0101 M. Bird\U123_XRF\XRF data\L000068.spe,132.85,5.81,1,0.018673,-0.004017,0.009223,0.089663,45965.77344,1.15,0,0,5,20,0,0,274,0,48,43,275,48,1435,851,264,0,21,22,0,282,22,563,0,15,31,33,34,49,48,94,242,55,106,72863,12530,Mo,1
Z:\Data\2017\2017rc0101 M. Bird\U123_XRF\XRF data\L000069.spe,133.85,5.91,1,0.018673,-0.004017,0.009223,0.089663,42458.75391,1.32,0,14,0,23,0,0,339,6,44,22,61,18,691,912,227,0,0,0,0,284,282,434,0,16,15,7,0,34,0,61,61,0,0,73510,11947,Mo,1
Z:\Data\2017\2017rc0101 M. Bird\U123_XRF\XRF data\L000070.spe,134.85,6.03,1,0.018673,-0.004017,0.009223,0.089663,41132.47266,1.58,0,0,8,26,0,0,373,17,25,23,21,0,190,872,134,0,0,0,381,386,353,998,0,0,0,0,10,7,0,27,68,0,0,73659,11774,Mo,1
Z:\Data\2017\2017rc0101 M. Bird\U123_XRF\XRF data\L000071.spe,135.85,6.06,1,0.018673,-0.004017,0.009223,0.089663,41842.9375,1.44,24,8,12,8,0,0,360,0,28,20,88,0,755,991,233,0,0,0,10,353,291,601,0,0,0,0,0,21,0,71,84,0,0,73423,11977,Mo,1
Z:\Data\2017\2017rc0101 M. Bird\U123_XRF\XRF data\L000072.spe,136.85,5.99,1,0.018673,-0.004017,0.009223,0.089663,42909.92969,1.35,6,0,34,17,12,7,355,6,26,49,115,23,1170,900,191,17,0,0,0,311,190,788,0,9,7,0,19,20,35,68,166,0,0,73706,12092,Mo,1
Z:\Data\2017\2017rc0101 M. Bird\U123_XRF\XRF data\L000073.spe,137.85,5.99,1,0.018673,-0.004017,0.009223,0.089663,42325.48828,1.38,0,11,13,45,23,0,337,0,23,17,44,0,773,1022,263,41,0,0,0,200,529,708,0,0,39,31,0,10,18,71,102,0,0,73898,11709,Mo,1
Z:\Data\2017\2017rc0101 M. Bird\U123_XRF\XRF data\L000074.spe,138.85,6.06,1,0.018673,-0.004017,0.009223,0.089663,41777.15625,1.33,0,29,11,38,21,23,330,17,0,0,24,17,388,911,247,33,0,0,66,320,425,957,5,0,37,0,0,17,10,39,102,0,0,74597,11908,Mo,1
Z:\Data\2017\2017rc0101 M. Bird\U123_XRF\XRF data\L000075.spe,139.85,6.06,1,0.018673,-0.004017,0.009223,0.089663,42778.58984,1.33,0,35,4,0,0,5,329,8,28,21,48,0,552,932,213,13,0,23,213,372,454,607,0,7,17,4,30,10,0,62,103,0,0,75279,11632,Mo,1
Z:\Data\2017\2017rc0101 M. Bird\U123_XRF\XRF data\L000076.spe,140.85,6.04,1,0.018673,-0.004017,0.009223,0.089663,42777.62891,1.34,0,39,29,22,0,0,335,0,14,31,23,0,440,833,188,36,0,0,31,180,370,601,0,0,0,6,15,15,0,83,189,0,0,76600,11730,Mo,1
Z:\Data\2017\2017rc0101 M. Bird\U123_XRF\XRF data\L000077.spe,141.85,6.1,1,0.018673,-0.004017,0.009223,0.089663,42510.16797,1.46,18,49,9,14,7,5,355,8,0,32,26,0,380,912,134,20,0,0,141,385,535,731,19,17,0,0,7,26,32,64,114,0,0,76829,12143,Mo,1
Z:\Data\2017\2017rc0101 M. Bird\U123_XRF\XRF data\L000078.spe,142.85,6.07,1,0.018673,-0.004017,0.009223,0.089663,42833.72656,1.59,0,32,49,0,0,0,340,0,36,58,12,0,512,811,174,0,0,0,173,352,330,975,0,0,0,0,40,16,0,36,202,0,0,76608,11699,Mo,1
Z:\Data\2017\2017rc0101 M. Bird\U123_XRF\XRF data\L000079.spe,143.85,6.09,1,0.018673,-0.004017,0.009223,0.089663,43022.59375,1.41,24,9,56,43,33,0,341,0,43,31,37,0,249,848,155,0,0,0,224,333,477,902,0,0,0,17,24,0,5,93,245,0,7,77576,12119,Mo,1
Z:\Data\2017\2017rc0101 M. Bird\U123_XRF\XRF data\L000080.spe,144.85,6.09,1,0.018673,-0.004017,0.009223,0.089663,43046.23438,1.44,0,15,15,0,37,0,343,0,0,60,14,38,201,917,158,4,0,0,130,382,499,815,0,0,0,14,32,5,0,76,211,0,0,76719,11973,Mo,1
Z:\Data\2017\2017rc0101 M. Bird\U123_XRF\XRF data\L000081.spe,145.85,6.08,1,0.018673,-0.004017,0.009223,0.089663,44430.48438,1.22,0,12,0,7,31,0,313,12,0,41,53,0,536,831,213,0,0,0,206,50,392,821,0,0,8,19,0,20,0,110,253,0,0,77446,12180,Mo,1
Z:\Data\2017\2017rc0101 M. Bird\U123_XRF\XRF data\L000082.spe,146.85,6.01,1,0.018673,-0.004017,0.009223,0.089663,45475.83203,1.07,21,4,15,34,0,0,303,0,18,69,65,0,689,787,257,42,0,0,0,78,287,400,13,0,0,13,49,57,47,77,266,0,0,77443,12075,Mo,1
Z:\Data\2017\2017rc0101 M. Bird\U123_XRF\XRF data\L000083.spe,147.85,5.99,1,0.018673,-0.004017,0.009223,0.089663,45728.18359,1.13,46,49,12,26,0,22,317,0,11,17,94,54,390,847,310,185,0,0,301,17,120,553,20,7,20,23,22,48,47,75,94,0,159,77458,12353,Mo,1
Z:\Data\2017\2017rc0101 M. Bird\U123_XRF\XRF data\L000084.spe,148.85,5.99,1,0.018673,-0.004017,0.009223,0.089663,46299.33594,1.05,6,5,26,12,10,10,273,0,10,26,120,0,472,866,365,107,125,0,149,29,88,443,0,6,4,11,21,47,42,156,153,28,123,77498,12094,Mo,1
Z:\Data\2017\2017rc0101 M. Bird\U123_XRF\XRF data\L000085.spe,149.85,5.99,1,0.018673,-0.004017,0.009223,0.089663,46210.23438,1.1,0,30,14,38,0,16,279,0,0,35,83,18,67,747,264,94,0,0,67,250,75,660,5,17,5,5,42,77,45,99,310,0,107,76819,12094,Mo,1
Z:\Data\2017\2017rc0101 M. Bird\U123_XRF\XRF data\L000086.spe,150.85,5.99,1,0.018673,-0.004017,0.009223,0.089663,45822.84375,1.17,6,0,17,18,0,0,249,0,24,56,21,16,0,783,335,0,0,0,57,156,0,660,0,0,0,17,55,57,5,64,250,0,34,77270,12232,Mo,1
Z:\Data\2017\2017rc0101 M. Bird\U123_XRF\XRF data\L000087.spe,151.85,5.99,1,0.018673,-0.004017,0.009223,0.089663,46006.47266,1.11,0,0,23,6,0,0,309,0,17,6,88,0,257,789,286,0,45,46,136,412,154,584,5,18,20,26,39,60,61,36,175,0,63,77191,11917,Mo,1
Z:\Data\2017\2017rc0101 M. Bird\U123_XRF\XRF data\L000088.spe,152.85,5.99,1,0.018673,-0.004017,0.009223,0.089663,45940.90625,1.13,0,63,36,32,6,0,281,0,28,61,107,0,484,800,220,0,0,0,0,28,156,325,0,4,0,25,39,72,58,33,276,0,0,76416,11775,Mo,1
Z:\Data\2017\2017rc0101 M. Bird\U123_XRF\XRF data\L000089.spe,153.85,5.99,1,0.018673,-0.004017,0.009223,0.089663,45816.73438,1.11,12,52,14,29,25,0,277,0,47,27,68,15,263,759,261,0,0,81,0,122,59,231,0,0,4,25,49,46,56,7,409,0,20,75528,11895,Mo,1
Z:\Data\2017\2017rc0101 M. Bird\U123_XRF\XRF data\L000090.spe,154.85,5.99,1,0.018673,-0.004017,0.009223,0.089663,45759.85547,1.06,13,12,16,0,15,0,252,0,34,54,98,0,91,652,105,0,0,0,0,0,150,262,0,0,7,55,37,58,56,91,489,0,0,74283,11604,Mo,1
Z:\Data\2017\2017rc0101 M. Bird\U123_XRF\XRF data\L000091.spe,155.85,5.99,1,0.018673,-0.004017,0.009223,0.089663,44509.82031,1.11,9,40,0,10,15,0,324,0,45,30,115,7,39,707,148,111,89,153,0,0,0,376,0,16,23,26,64,48,55,25,429,0,65,71170,11189,Mo,1
Z:\Data\2017\2017rc0101 M. Bird\U123_XRF\XRF data\L000092.spe,156.85,6.05,1,0.018673,-0.004017,0.009223,0.089663,43570.83203,1.04,13,67,23,0,0,0,280,0,26,56,102,0,0,541,266,0,182,0,0,73,107,297,0,0,0,27,58,37,41,0,330,0,155,70487,10998,Mo,1
Z:\Data\2017\2017rc0101 M. Bird\U123_XRF\XRF data\L000093.spe,157.85,5.99,1,0.018673,-0.004017,0.009223,0.089663,44946.73438,1.27,0,0,0,0,0,0,236,0,64,70,74,34,62,652,228,0,222,76,0,172,0,332,0,34,16,26,58,91,66,57,488,115,240,71048,11605,Mo,1
Z:\Data\2017\2017rc0101 M. Bird\U123_XRF\XRF data\L000094.spe,158.85,6.03,1,0.018673,-0.004017,0.009223,0.089663,45576.33203,1.12,0,28,28,24,5,0,215,0,32,138,111,36,1964,521,438,0,119,184,0,0,0,594,0,15,0,15,55,74,95,0,350,130,169,71331,11700,Mo,1
Z:\Data\2017\2017rc0101 M. Bird\U123_XRF\XRF data\L000095.spe,159.85,5.99,1,0.018673,-0.004017,0.009223,0.089663,47205.01953,1.21,11,38,26,7,42,0,149,0,62,202,232,9,3869,642,707,9,459,379,118,0,0,396,0,25,9,35,33,63,57,63,377,76,244,72831,12152,Mo,1
Z:\Data\2017\2017rc0101 M. Bird\U123_XRF\XRF data\L000096.spe,160.85,6.06,1,0.018673,-0.004017,0.009223,0.089663,47142.99609,1.09,0,19,18,9,0,0,228,6,64,209,406,22,5139,794,645,0,291,406,19,0,0,570,7,21,28,54,27,66,131,31,150,13,139,72558,12280,Mo,1
Z:\Data\2017\2017rc0101 M. Bird\U123_XRF\XRF data\L000097.spe,161.85,6.14,1,0.018673,-0.004017,0.009223,0.089663,46233.96484,1.1,0,0,28,0,33,0,218,0,78,248,314,31,5908,933,834,75,0,322,0,0,0,906,0,18,0,14,39,81,62,59,231,0,155,73166,12253,Mo,1
Z:\Data\2017\2017rc0101 M. Bird\U123_XRF\XRF data\L000098.spe,162.85,6.19,1,0.018673,-0.004017,0.009223,0.089663,45984.21875,1.1,5,12,56,5,0,0,254,0,67,324,248,0,5645,768,993,0,129,170,25,102,0,867,0,0,0,28,49,65,31,0,153,31,69,72486,12068,Mo,1
Z:\Data\2017\2017rc0101 M. Bird\U123_XRF\XRF data\L000099.spe,163.85,6.17,1,0.018673,-0.004017,0.009223,0.089663,43798.84375,1.06,9,34,38,12,0,0,277,0,39,142,94,0,2919,748,562,24,0,163,140,267,0,992,0,0,11,8,25,28,10,36,279,12,75,72620,11972,Mo,1
Z:\Data\2017\2017rc0101 M. Bird\U123_XRF\XRF data\L000100.spe,164.85,6.29,1,0.018673,-0.004017,0.009223,0.089663,42955.81641,1.17,0,31,15,0,5,28,376,0,49,176,82,21,2087,815,401,0,0,84,105,322,97,928,0,0,0,35,24,35,39,67,123,0,0,72315,11808,Mo,1
Z:\Data\2017\2017rc0101 M. Bird\U123_XRF\XRF data\L000101.spe,165.85,6.23,1,0.018673,-0.004017,0.009223,0.089663,44184.21094,1.14,32,31,0,26,6,0,324,5,40,209,95,5,3152,761,530,0,24,221,68,118,90,1174,0,0,9,0,37,60,25,0,132,0,124,73177,11647,Mo,1
Z:\Data\2017\2017rc0101 M. Bird\U123_XRF\XRF data\L000102.spe,166.85,6.23,1,0.018673,-0.004017,0.009223,0.089663,43665.00391,1.11,13,24,19,0,0,0,339,0,74,176,104,15,3426,843,497,0,0,222,98,129,0,1024,0,0,0,21,38,24,24,80,339,0,72,72217,12062,Mo,1
Z:\Data\2017\2017rc0101 M. Bird\U123_XRF\XRF data\L000103.spe,167.85,6.24,1,0.018673,-0.004017,0.009223,0.089663,44056.73438,1.13,0,39,51,0,0,0,328,0,49,256,86,0,3774,804,583,0,0,165,39,200,0,877,7,0,0,19,36,29,19,68,335,60,45,72364,12139,Mo,1
Z:\Data\2017\2017rc0101 M. Bird\U123_XRF\XRF data\L000104.spe,168.85,6.23,1,0.018673,-0.004017,0.009223,0.089663,44098.38672,1.01,20,27,39,45,0,0,325,0,37,128,111,29,2796,836,382,0,28,213,107,185,215,1084,6,8,18,11,33,49,17,95,164,69,0,73019,11803,Mo,1
Z:\Data\2017\2017rc0101 M. Bird\U123_XRF\XRF data\L000105.spe,169.85,6.23,1,0.018673,-0.004017,0.009223,0.089663,45345.23438,1.05,0,39,16,13,12,15,258,0,67,131,315,0,3486,869,324,33,56,316,79,146,0,1033,0,50,24,0,22,89,59,81,82,90,79,72028,12370,Mo,1
Z:\Data\2017\2017rc0101 M. Bird\U123_XRF\XRF data\L000106.spe,170.85,6.16,1,0.018673,-0.004017,0.009223,0.089663,45039.11719,1.1,35,71,73,43,7,0,303,0,35,75,443,0,2982,923,235,0,122,295,65,204,161,1130,0,0,6,16,36,17,26,159,190,0,0,73685,12226,Mo,1
Z:\Data\2017\2017rc0101 M. Bird\U123_XRF\XRF data\L000107.spe,171.85,6.22,1,0.018673,-0.004017,0.009223,0.089663,47048.61328,1.13,0,27,24,32,27,0,232,0,22,76,89,0,1290,674,371,0,96,428,0,33,0,671,0,25,0,12,56,77,53,17,211,106,58,73698,12264,Mo,1
Z:\Data\2017\2017rc0101 M. Bird\U123_XRF\XRF data\L000108.spe,172.85,6.11,1,0.018673,-0.004017,0.009223,0.089663,47748.74219,1.14,21,42,36,13,15,0,211,0,45,97,152,0,1048,582,384,0,311,524,0,87,0,727,0,15,0,16,74,62,80,176,261,53,177,73861,11851,Mo,1
Z:\Data\2017\2017rc0101 M. Bird\U123_XRF\XRF data\L000109.spe,173.85,6.13,1,0.018673,-0.004017,0.009223,0.089663,47669.65625,1.06,0,40,9,21,0,0,201,0,8,95,115,0,1609,562,347,0,163,350,0,0,0,835,0,10,0,22,36,67,72,9,149,121,30,73416,12468,Mo,1
Z:\Data\2017\2017rc0101 M. Bird\U123_XRF\XRF data\L000110.spe,174.85,6.09,1,0.018673,-0.004017,0.009223,0.089663,47777.35938,1.17,0,37,33,22,8,14,218,0,7,92,130,44,1579,591,341,0,107,429,85,0,0,803,0,5,6,25,33,82,65,0,371,65,102,74251,12441,Mo,1
Z:\Data\2017\2017rc0101 M. Bird\U123_XRF\XRF data\L000111.spe,175.85,6.12,1,0.018673,-0.004017,0.009223,0.089663,47434.58203,1.12,14,23,41,14,0,0,202,0,23,99,109,15,1368,718,447,0,91,347,0,0,0,516,0,0,0,14,44,61,66,71,162,102,175,74061,12198,Mo,1
Z:\Data\2017\2017rc0101 M. Bird\U123_XRF\XRF data\L000112.spe,176.85,6.09,1,0.018673,-0.004017,0.009223,0.089663,47261.61719,1.02,21,5,35,0,0,0,229,0,33,68,102,31,945,733,173,5,150,412,0,100,0,534,0,11,0,54,41,36,54,105,486,64,45,74796,12123,Mo,1
Z:\Data\2017\2017rc0101 M. Bird\U123_XRF\XRF data\L000113.spe,177.85,6.12,1,0.018673,-0.004017,0.009223,0.089663,47695.875,1.13,0,36,20,10,0,0,205,0,60,126,127,40,1756,696,495,0,201,261,0,0,0,443,0,10,0,24,51,48,44,68,88,99,132,75052,12311,Mo,1
Z:\Data\2017\2017rc0101 M. Bird\U123_XRF\XRF data\L000114.spe,178.85,6.06,1,0.018673,-0.004017,0.009223,0.089663,47788.25,1.01,0,53,69,27,12,10,229,0,26,99,120,37,2037,741,383,0,214,284,93,0,0,889,18,11,37,65,57,52,57,147,319,66,134,75200,12698,Mo,1
Z:\Data\2017\2017rc0101 M. Bird\U123_XRF\XRF data\L000115.spe,179.85,6.09,1,0.018673,-0.004017,0.009223,0.089663,47526.60938,1.12,0,14,67,27,25,0,222,0,12,69,67,0,1474,622,282,0,168,334,61,0,0,894,0,0,4,38,85,51,40,0,349,56,257,74684,12179,Mo,1
Z:\Data\2017\2017rc0101 M. Bird\U123_XRF\XRF data\L000116.spe,180.85,6.05,1,0.018673,-0.004017,0.009223,0.089663,47975.40234,1.15,20,47,34,33,43,0,224,0,44,23,122,16,1305,655,344,0,215,262,0,0,0,541,0,13,22,14,52,57,85,82,246,70,20,73848,12038,Mo,1
Z:\Data\2017\2017rc0101 M. Bird\U123_XRF\XRF data\L000117.spe,181.85,6.03,1,0.018673,-0.004017,0.009223,0.089663,48209.46875,1.17,29,41,52,34,0,7,167,0,41,38,134,8,1711,705,274,0,281,338,0,0,27,649,0,0,15,33,40,31,39,64,370,90,230,74029,12060,Mo,1
Z:\Data\2017\2017rc0101 M. Bird\U123_XRF\XRF data\L000118.spe,182.85,6.02,1,0.018673,-0.004017,0.009223,0.089663,48126.10547,1.18,18,56,68,16,29,0,190,8,43,63,120,0,1532,554,199,122,162,123,34,86,0,365,0,9,0,5,83,87,32,66,462,67,189,74986,11997,Mo,1
Z:\Data\2017\2017rc0101 M. Bird\U123_XRF\XRF data\L000119.spe,183.85,6.02,1,0.018673,-0.004017,0.009223,0.089663,48116.90234,1.12,0,43,0,8,13,17,227,5,43,78,95,0,1322,555,362,0,390,301,28,0,39,626,0,16,0,22,75,42,40,16,98,34,115,75192,12499,Mo,1
Z:\Data\2017\2017rc0101 M. Bird\U123_XRF\XRF data\L000120.spe,184.85,6.04,1,0.018673,-0.004017,0.009223,0.089663,47469.38672,1.1,0,81,31,40,0,0,216,0,37,39,111,19,901,605,209,13,78,153,18,0,0,690,0,14,17,32,55,63,41,89,350,0,15,75501,12175,Mo,1
Z:\Data\2017\2017rc0101 M. Bird\U123_XRF\XRF data\L000121.spe,185.85,6.03,1,0.018673,-0.004017,0.009223,0.089663,47726.94922,1.11,12,71,60,18,5,8,215,20,40,41,126,33,676,563,274,0,205,283,0,22,0,567,0,13,26,30,46,52,84,42,373,53,135,74847,12372,Mo,1
Z:\Data\2017\2017rc0101 M. Bird\U123_XRF\XRF data\L000122.spe,186.85,6,1,0.018673,-0.004017,0.009223,0.089663,47725.20703,1.2,6,0,30,20,10,0,224,0,46,32,91,10,523,599,289,89,159,208,0,0,0,769,0,14,15,8,22,83,134,31,263,0,32,74813,12436,Mo,1
Z:\Data\2017\2017rc0101 M. Bird\U123_XRF\XRF data\L000123.spe,187.85,6.03,1,0.018673,-0.004017,0.009223,0.089663,47404.30078,1.21,0,42,0,44,0,0,222,0,33,73,132,21,1032,638,244,26,270,326,10,73,131,645,0,0,14,26,30,64,131,40,336,121,119,74665,12292,Mo,1
Z:\Data\2017\2017rc0101 M. Bird\U123_XRF\XRF data\L000124.spe,188.85,6.02,1,0.018673,-0.004017,0.009223,0.089663,47327.01563,1.35,0,13,5,14,7,0,244,0,14,37,103,0,737,633,330,70,167,350,0,0,0,551,6,23,13,0,21,78,136,62,264,29,116,74622,12240,Mo,1
Z:\Data\2017\2017rc0101 M. Bird\U123_XRF\XRF data\L000125.spe,189.85,6.03,1,0.018673,-0.004017,0.009223,0.089663,46962.94141,1.35,15,37,12,6,8,7,261,0,29,27,107,13,879,656,213,141,65,211,0,187,32,438,14,16,25,6,12,87,130,10,183,0,107,74939,12134,Mo,1
Z:\Data\2017\2017rc0101 M. Bird\U123_XRF\XRF data\L000126.spe,190.85,6.06,1,0.018673,-0.004017,0.009223,0.089663,45904.04297,1.08,0,10,14,25,17,0,269,0,23,45,134,0,1131,871,290,107,56,155,0,133,104,601,0,0,0,23,49,33,49,129,232,0,0,76059,11895,Mo,1
Z:\Data\2017\2017rc0101 M. Bird\U123_XRF\XRF data\L000127.spe,191.85,6.07,1,0.018673,-0.004017,0.009223,0.089663,46334.67578,1.1,17,33,0,6,5,12,251,8,11,23,123,59,614,743,211,111,0,242,81,69,0,766,0,6,21,26,54,5,23,102,252,62,0,75415,11966,Mo,1
Z:\Data\2017\2017rc0101 M. Bird\U123_XRF\XRF data\L000128.spe,192.85,6.05,1,0.018673,-0.004017,0.009223,0.089663,46834.90234,1.05,0,19,38,24,0,7,230,0,0,30,47,67,432,778,230,0,28,68,50,12,18,497,12,0,15,41,69,35,32,88,355,0,109,76256,12250,Mo,1
Z:\Data\2017\2017rc0101 M. Bird\U123_XRF\XRF data\L000129.spe,193.85,6.05,1,0.018673,-0.004017,0.009223,0.089663,47419.05469,0.98,40,25,19,18,22,0,229,5,18,0,118,0,815,749,296,0,76,242,83,34,0,388,5,0,27,37,64,52,61,5,224,0,61,75136,12241,Mo,1
Z:\Data\2017\2017rc0101 M. Bird\U123_XRF\XRF data\L000130.spe,194.85,6.01,1,0.018673,-0.004017,0.009223,0.089663,47704.03125,1.21,46,69,32,40,0,5,214,0,37,59,141,70,1530,772,228,0,0,272,87,0,0,513,0,10,0,12,61,83,59,46,344,38,27,74847,12011,Mo,1
Z:\Data\2017\2017rc0101 M. Bird\U123_XRF\XRF data\L000131.spe,195.85,6.01,1,0.018673,-0.004017,0.009223,0.089663,47679.70313,1.14,0,32,74,26,18,0,213,0,41,31,193,7,2043,880,194,0,116,208,0,0,0,315,0,0,33,33,18,45,56,170,505,108,18,75223,12454,Mo,1
Z:\Data\2017\2017rc0101 M. Bird\U123_XRF\XRF data\L000132.spe,196.85,5.99,1,0.018673,-0.004017,0.009223,0.089663,47472.24609,1.29,22,30,29,43,0,15,235,0,29,47,75,0,1110,674,240,0,93,271,0,9,0,474,0,0,22,45,64,31,13,211,431,82,216,74474,12179,Mo,1
Z:\Data\2017\2017rc0101 M. Bird\U123_XRF\XRF data\L000133.spe,197.85,6,1,0.018673,-0.004017,0.009223,0.089663,46950.84766,1.22,0,25,24,0,0,0,219,9,38,0,82,0,526,640,467,0,139,308,62,0,0,731,0,11,65,47,25,33,19,152,198,201,171,74451,12079,Mo,1
Z:\Data\2017\2017rc0101 M. Bird\U123_XRF\XRF data\L000134.spe,198.85,6,1,0.018673,-0.004017,0.009223,0.089663,47249.47266,1.12,12,43,29,19,36,0,220,0,16,38,98,7,286,659,483,0,234,231,142,93,69,514,0,16,40,36,108,46,17,268,60,110,269,73599,12110,Mo,1
Z:\Data\2017\2017rc0101 M. Bird\U123_XRF\XRF data\L000135.spe,199.85,5.96,1,0.018673,-0.004017,0.009223,0.089663,47419.9375,1.02,0,0,19,10,0,10,206,0,38,18,79,44,678,575,276,0,86,412,17,0,0,513,0,12,44,26,145,69,47,4,289,38,195,73836,11956,Mo,1
Z:\Data\2017\2017rc0101 M. Bird\U123_XRF\XRF data\L000136.spe,200.85,5.96,1,0.018673,-0.004017,0.009223,0.089663,47403.03516,1.12,20,23,42,33,10,0,199,0,48,25,66,15,995,621,314,38,136,390,0,21,0,255,0,23,35,14,147,93,24,54,338,51,182,72223,12044,Mo,1
Z:\Data\2017\2017rc0101 M. Bird\U123_XRF\XRF data\L000137.spe,201.85,5.95,1,0.018673,-0.004017,0.009223,0.089663,47049.97656,1.21,25,34,30,21,35,0,201,0,47,29,78,18,880,510,282,0,104,246,0,0,0,365,0,24,39,28,147,52,0,52,258,126,246,72272,11965,Mo,1
Z:\Data\2017\2017rc0101 M. Bird\U123_XRF\XRF data\L000138.spe,202.85,5.98,1,0.018673,-0.004017,0.009223,0.089663,45589.23828,1.08,0,38,20,0,6,5,288,0,0,141,123,35,1052,721,261,0,86,142,9,0,0,771,26,0,5,36,81,52,67,0,367,61,56,71556,12124,Mo,1
Z:\Data\2017\2017rc0101 M. Bird\U123_XRF\XRF data\L000139.spe,203.85,6,1,0.018673,-0.004017,0.009223,0.089663,46204.34766,1.19,0,17,30,28,5,0,246,0,36,89,65,0,792,639,160,0,176,269,9,0,0,733,0,15,0,39,97,64,24,52,348,90,148,71044,11767,Mo,1
Z:\Data\2017\2017rc0101 M. Bird\U123_XRF\XRF data\L000140.spe,204.85,5.99,1,0.018673,-0.004017,0.009223,0.089663,46051.04688,1.08,39,29,38,16,0,9,262,0,48,61,122,5,988,545,201,0,130,183,53,0,0,618,0,14,0,37,58,66,48,49,329,39,219,71864,12160,Mo,1
Z:\Data\2017\2017rc0101 M. Bird\U123_XRF\XRF data\L000141.spe,205.85,5.98,1,0.018673,-0.004017,0.009223,0.089663,46072.92578,1.16,11,18,28,23,13,0,236,0,45,67,96,50,1161,694,148,0,431,368,92,0,0,702,0,17,0,47,63,63,83,52,449,112,203,71310,12216,Mo,1
Z:\Data\2017\2017rc0101 M. Bird\U123_XRF\XRF data\L000142.spe,206.85,5.97,1,0.018673,-0.004017,0.009223,0.089663,46285.21875,1.12,17,54,32,32,0,12,297,0,39,80,144,53,1838,723,337,28,284,376,0,14,0,650,0,0,0,27,68,64,55,17,252,147,225,71023,12393,Mo,1
Z:\Data\2017\2017rc0101 M. Bird\U123_XRF\XRF data\L000143.spe,207.85,5.98,1,0.018673,-0.004017,0.009223,0.089663,46201.32031,1.04,27,21,12,19,21,0,258,0,53,65,108,56,1478,788,302,0,169,232,0,0,0,1116,0,8,39,37,30,73,89,105,301,88,83,71499,11730,Mo,1
Z:\Data\2017\2017rc0101 M. Bird\U123_XRF\XRF data\L000144.spe,208.85,5.98,1,0.018673,-0.004017,0.009223,0.089663,46143.74219,1.09,57,60,7,29,6,4,236,0,42,85,74,11,1458,744,356,0,222,395,187,0,0,778,0,13,0,31,80,47,24,44,218,114,91,72492,12201,Mo,1
Z:\Data\2017\2017rc0101 M. Bird\U123_XRF\XRF data\L000145.spe,209.85,5.97,1,0.018673,-0.004017,0.009223,0.089663,45944.62891,1.01,4,10,38,26,19,0,249,0,28,69,191,25,1875,802,465,0,109,188,9,0,0,542,6,25,37,32,26,46,69,0,57,69,30,72505,12236,Mo,1
Z:\Data\2017\2017rc0101 M. Bird\U123_XRF\XRF data\L000146.spe,210.85,5.99,1,0.018673,-0.004017,0.009223,0.089663,44892.55078,1.1,19,37,47,32,24,12,319,0,37,83,79,0,1335,775,281,0,207,392,0,26,52,1013,0,20,0,20,46,61,56,27,176,0,43,72799,12328,Mo,1
Z:\Data\2017\2017rc0101 M. Bird\U123_XRF\XRF data\L000147.spe,211.85,6.04,1,0.018673,-0.004017,0.009223,0.089663,44833.32031,0.97,0,0,12,0,0,0,314,0,15,108,53,34,748,768,146,0,0,204,0,72,43,642,0,15,0,24,66,41,34,68,326,0,0,72806,12299,Mo,1
Z:\Data\2017\2017rc0101 M. Bird\U123_XRF\XRF data\L000148.spe,212.85,5.96,1,0.018673,-0.004017,0.009223,0.089663,45785.45703,1.06,0,11,11,22,9,0,289,0,27,98,84,33,1369,779,229,0,0,354,0,0,0,748,0,20,0,7,73,92,65,95,387,42,193,71508,12157,Mo,1
Z:\Data\2017\2017rc0101 M. Bird\U123_XRF\XRF data\L000149.spe,213.85,5.95,1,0.018673,-0.004017,0.009223,0.089663,46062.16406,1.09,100,69,29,42,0,19,279,0,12,27,179,4,1704,757,300,20,273,598,145,13,0,907,6,13,28,26,18,46,96,6,274,106,162,71873,11962,Mo,1
Z:\Data\2017\2017rc0101 M. Bird\U123_XRF\XRF data\L000150.spe,214.85,5.95,1,0.018673,-0.004017,0.009223,0.089663,45493.11719,1.11,18,17,21,22,5,0,310,0,45,61,100,29,1468,830,274,58,135,298,60,0,0,659,0,0,10,14,33,62,74,157,309,0,139,71625,12078,Mo,1
Z:\Data\2017\2017rc0101 M. Bird\U123_XRF\XRF data\L000151.spe,215.85,5.97,1,0.018673,-0.004017,0.009223,0.089663,44990.97656,0.99,0,36,0,6,0,0,273,0,11,81,65,96,1307,603,187,0,69,265,10,71,18,819,0,6,0,27,59,54,61,65,240,5,32,72227,12103,Mo,1
Z:\Data\2017\2017rc0101 M. Bird\U123_XRF\XRF data\L000152.spe,216.85,5.97,1,0.018673,-0.004017,0.009223,0.089663,45297.75391,1.02,0,0,0,19,0,0,284,0,41,80,100,33,1285,761,344,0,0,91,9,0,0,814,0,0,0,24,54,46,84,93,246,61,76,71879,12026,Mo,1
Z:\Data\2017\2017rc0101 M. Bird\U123_XRF\XRF data\L000153.spe,217.85,5.98,1,0.018673,-0.004017,0.009223,0.089663,45199.26953,0.97,5,30,0,7,0,6,288,0,13,75,120,38,1149,762,136,31,84,173,243,186,0,903,0,0,0,39,49,31,49,56,225,61,39,71299,12035,Mo,1
Z:\Data\2017\2017rc0101 M. Bird\U123_XRF\XRF data\L000154.spe,218.85,5.98,1,0.018673,-0.004017,0.009223,0.089663,45040.1875,1.02,0,17,16,25,0,12,265,0,24,68,92,40,1188,746,147,0,251,180,0,154,0,843,0,23,16,0,43,50,54,137,269,0,198,71162,12105,Mo,1
Z:\Data\2017\2017rc0101 M. Bird\U123_XRF\XRF data\L000155.spe,219.85,5.98,1,0.018673,-0.004017,0.009223,0.089663,45158.62891,1.14,0,20,0,9,4,0,249,0,29,67,62,0,1000,800,341,0,162,149,238,157,0,756,0,8,0,7,69,69,54,38,180,60,103,71149,12293,Mo,1
Z:\Data\2017\2017rc0101 M. Bird\U123_XRF\XRF data\L000156.spe,220.85,5.97,1,0.018673,-0.004017,0.009223,0.089663,45187.66016,1.02,0,10,16,14,29,0,313,0,39,46,123,50,925,712,317,0,84,176,83,155,0,900,0,0,48,20,29,77,85,7,14,0,21,70899,12019,Mo,1
Z:\Data\2017\2017rc0101 M. Bird\U123_XRF\XRF data\L000157.spe,221.85,5.95,1,0.018673,-0.004017,0.009223,0.089663,45867.83594,1.05,0,30,19,33,0,0,265,0,10,51,104,65,1254,677,303,0,82,391,194,28,0,752,0,20,34,11,32,82,43,0,353,40,136,71488,11976,Mo,1
Z:\Data\2017\2017rc0101 M. Bird\U123_XRF\XRF data\L000158.spe,222.85,5.95,1,0.018673,-0.004017,0.009223,0.089663,45576.91016,1.11,0,62,0,53,0,0,260,0,21,24,94,34,1272,704,245,10,85,333,0,0,0,885,0,12,31,44,47,66,89,71,409,5,125,71680,12105,Mo,1
Z:\Data\2017\2017rc0101 M. Bird\U123_XRF\XRF data\L000159.spe,223.85,5.95,1,0.018673,-0.004017,0.009223,0.089663,45584.45703,0.97,0,24,0,16,0,0,294,0,55,41,121,0,1152,666,193,0,215,395,0,35,0,686,0,29,8,23,44,58,66,46,176,0,141,71951,12228,Mo,1
Z:\Data\2017\2017rc0101 M. Bird\U123_XRF\XRF data\L000160.spe,224.85,5.94,1,0.018673,-0.004017,0.009223,0.089663,45995.95313,1.14,19,36,40,29,0,8,273,0,33,95,103,47,1167,1054,130,0,82,299,0,0,0,519,0,7,0,43,78,75,57,46,477,49,42,71634,12228,Mo,1
Z:\Data\2017\2017rc0101 M. Bird\U123_XRF\XRF data\L000161.spe,225.85,5.94,1,0.018673,-0.004017,0.009223,0.089663,45974.75,1.03,0,66,37,31,14,6,283,18,32,16,93,13,1059,803,274,0,118,339,112,0,0,679,0,20,25,36,39,59,56,75,234,0,108,71762,12334,Mo,1
Z:\Data\2017\2017rc0101 M. Bird\U123_XRF\XRF data\L000162.spe,226.85,5.94,1,0.018673,-0.004017,0.009223,0.089663,46320.65234,1.06,0,9,0,18,0,0,266,0,33,38,133,34,1429,557,224,0,133,321,73,68,0,741,0,0,41,28,45,56,65,0,314,74,63,71330,12267,Mo,1
Z:\Data\2017\2017rc0101 M. Bird\U123_XRF\XRF data\L000163.spe,227.85,5.94,1,0.018673,-0.004017,0.009223,0.089663,46322.96094,0.96,11,38,46,0,0,0,247,0,0,47,133,25,1326,634,319,0,268,360,13,0,0,680,0,22,30,31,31,68,88,0,267,40,60,72101,11913,Mo,1
Z:\Data\2017\2017rc0101 M. Bird\U123_XRF\XRF data\L000164.spe,228.85,5.96,1,0.018673,-0.004017,0.009223,0.089663,44965.22656,1.02,0,41,19,0,20,0,269,0,4,21,81,0,741,738,222,0,40,168,0,95,31,896,5,0,17,29,32,55,27,58,196,0,28,72652,12109,Mo,1
Z:\Data\2017\2017rc0101 M. Bird\U123_XRF\XRF data\L000165.spe,229.85,5.99,1,0.018673,-0.004017,0.009223,0.089663,46408.52734,1.08,34,37,19,18,24,22,282,13,23,8,105,9,1154,668,221,0,170,310,0,0,0,337,0,39,42,26,25,48,72,0,293,64,70,73567,12065,Mo,1
Z:\Data\2017\2017rc0101 M. Bird\U123_XRF\XRF data\L000166.spe,230.85,5.93,1,0.018673,-0.004017,0.009223,0.089663,46755.04297,1.1,17,31,0,43,9,12,255,21,49,80,113,23,1479,705,193,0,0,220,30,0,0,349,0,14,19,27,49,59,67,0,375,15,68,74069,12459,Mo,1
Z:\Data\2017\2017rc0101 M. Bird\U123_XRF\XRF data\L000167.spe,231.85,5.97,1,0.018673,-0.004017,0.009223,0.089663,46852.19922,1.13,0,8,6,40,19,8,236,0,15,100,108,75,1475,695,283,0,154,389,0,56,0,389,0,6,0,12,65,65,62,0,369,28,230,74626,12725,Mo,1
Z:\Data\2017\2017rc0101 M. Bird\U123_XRF\XRF data\L000168.spe,232.85,5.98,1,0.018673,-0.004017,0.009223,0.089663,46922.51563,1.12,8,0,0,0,19,0,234,0,23,94,134,0,1830,636,305,0,125,273,0,0,31,578,0,0,0,51,52,49,55,0,307,0,113,73944,12262,Mo,1
Z:\Data\2017\2017rc0101 M. Bird\U123_XRF\XRF data\L000169.spe,233.85,5.96,1,0.018673,-0.004017,0.009223,0.089663,47122.41016,1.07,12,25,54,24,0,0,218,0,11,127,90,30,1843,718,225,0,0,170,0,0,0,699,0,0,0,40,56,49,78,0,395,0,5,73936,11997,Mo,1
Z:\Data\2017\2017rc0101 M. Bird\U123_XRF\XRF data\L000170.spe,234.85,5.98,1,0.018673,-0.004017,0.009223,0.089663,46599.83984,1.11,18,38,30,0,0,0,241,0,23,66,485,15,3872,1057,328,0,69,255,70,47,10,473,0,0,29,50,31,34,67,80,184,29,90,74312,12060,Mo,1
Z:\Data\2017\2017rc0101 M. Bird\U123_XRF\XRF data\L000171.spe,235.85,6.03,1,0.018673,-0.004017,0.009223,0.089663,46504.63281,1.07,0,44,4,23,7,0,248,0,46,68,140,12,2248,705,326,0,26,205,0,63,0,679,0,0,0,34,51,53,51,59,287,76,90,73917,12207,Mo,1
Z:\Data\2017\2017rc0101 M. Bird\U123_XRF\XRF data\L000172.spe,236.85,6,1,0.018673,-0.004017,0.009223,0.089663,46781.41797,0.97,27,67,19,36,39,0,233,0,44,79,124,42,2335,653,460,0,0,286,0,0,0,888,0,17,0,19,61,59,53,0,318,0,74,73189,12255,Mo,1
Z:\Data\2017\2017rc0101 M. Bird\U123_XRF\XRF data\L000173.spe,237.85,6.02,1,0.018673,-0.004017,0.009223,0.089663,47171.15234,1.01,10,15,22,15,34,10,215,0,48,108,132,50,2251,701,271,0,75,420,0,0,0,934,0,4,0,25,59,64,50,83,377,192,161,74090,11955,Mo,1
Z:\Data\2017\2017rc0101 M. Bird\U123_XRF\XRF data\L000174.spe,238.85,5.98,1,0.018673,-0.004017,0.009223,0.089663,47431.85938,1.1,0,32,33,25,0,0,191,0,38,147,143,59,2517,654,338,0,302,357,0,0,0,687,0,31,0,13,56,46,32,46,277,77,110,74591,12296,Mo,1
Z:\Data\2017\2017rc0101 M. Bird\U123_XRF\XRF data\L000175.spe,239.85,5.97,1,0.018673,-0.004017,0.009223,0.089663,47476.98047,1.06,20,0,44,34,13,10,184,0,18,0,141,18,2246,669,338,0,219,329,0,43,0,805,0,13,69,18,21,51,57,71,310,128,160,74555,12332,Mo,1
Z:\Data\2017\2017rc0101 M. Bird\U123_XRF\XRF data\L000176.spe,240.85,6.01,1,0.018673,-0.004017,0.009223,0.089663,47075.89063,1.04,0,61,49,37,19,10,226,0,48,126,141,16,2474,644,243,0,117,240,82,0,0,817,0,25,0,0,42,81,79,37,233,0,147,74287,12332,Mo,1
Z:\Data\2017\2017rc0101 M. Bird\U123_XRF\XRF data\L000177.spe,241.85,6.01,1,0.018673,-0.004017,0.009223,0.089663,47150.18359,0.99,0,21,52,0,0,0,208,0,41,129,127,12,2716,820,223,0,159,151,0,0,0,784,0,20,0,29,68,47,47,122,493,0,122,75092,12245,Mo,1
Z:\Data\2017\2017rc0101 M. Bird\U123_XRF\XRF data\L000178.spe,242.85,6.02,1,0.018673,-0.004017,0.009223,0.089663,47613.67578,1.04,0,21,30,40,8,0,214,0,43,128,128,14,2561,676,368,9,62,398,5,0,122,1035,0,26,0,0,34,69,43,20,200,0,107,76368,12702,Mo,1
Z:\Data\2017\2017rc0101 M. Bird\U123_XRF\XRF data\L000179.spe,243.85,6.02,1,0.018673,-0.004017,0.009223,0.089663,47956.99219,1.03,0,32,40,24,15,0,199,0,58,241,105,38,3186,759,359,4,80,400,53,116,214,933,0,17,0,33,82,49,63,33,252,48,21,76970,12797,Mo,1
Z:\Data\2017\2017rc0101 M. Bird\U123_XRF\XRF data\L000180.spe,244.85,6.02,1,0.018673,-0.004017,0.009223,0.089663,48159.23438,0.96,0,57,42,36,16,0,200,0,41,129,187,0,2837,755,352,0,167,175,0,78,0,616,0,0,24,14,23,64,81,92,294,0,184,76179,12236,Mo,1
Z:\Data\2017\2017rc0101 M. Bird\U123_XRF\XRF data\L000181.spe,245.85,6.01,1,0.018673,-0.004017,0.009223,0.089663,46532.875,1.08,0,22,14,29,0,0,273,0,29,17,60,6,211,805,174,0,56,59,229,0,0,574,0,0,32,28,29,48,29,134,306,0,39,77152,11901,Mo,1
Z:\Data\2017\2017rc0101 M. Bird\U123_XRF\XRF data\L000182.spe,246.85,5.97,1,0.018673,-0.004017,0.009223,0.089663,47683.82813,1.16,0,31,30,41,0,0,217,0,46,62,135,0,548,665,446,0,381,186,0,75,0,663,5,29,8,34,58,53,47,19,145,136,337,73001,12076,Mo,1
Z:\Data\2017\2017rc0101 M. Bird\U123_XRF\XRF data\L000183.spe,247.85,5.93,1,0.018673,-0.004017,0.009223,0.089663,45795.19922,1.04,0,31,26,10,32,0,300,10,27,37,131,0,503,700,310,0,50,19,103,0,0,820,0,5,27,0,64,43,59,84,316,0,83,73041,12089,Mo,1
Z:\Data\2017\2017rc0101 M. Bird\U123_XRF\XRF data\L000184.spe,248.85,5.97,1,0.018673,-0.004017,0.009223,0.089663,47068.08984,1.12,0,9,58,22,17,5,251,9,43,49,163,32,992,573,354,0,113,350,31,0,0,582,0,22,41,48,43,87,82,0,313,80,215,72228,12289,Mo,1
Z:\Data\2017\2017rc0101 M. Bird\U123_XRF\XRF data\L000185.spe,249.85,5.91,1,0.018673,-0.004017,0.009223,0.089663,47204.67969,1.09,8,27,55,38,0,0,215,0,30,53,118,8,1429,591,298,0,214,366,33,0,0,424,0,18,0,26,71,86,38,0,341,13,198,71664,12132,Mo,1
Z:\Data\2017\2017rc0101 M. Bird\U123_XRF\XRF data\L000186.spe,250.85,5.9,1,0.018673,-0.004017,0.009223,0.089663,46814.76953,1.13,0,43,46,38,7,0,239,0,40,45,143,47,1248,625,316,0,201,552,85,106,0,559,0,10,0,49,61,57,82,109,266,186,225,72248,12335,Mo,1
Z:\Data\2017\2017rc0101 M. Bird\U123_XRF\XRF data\L000187.spe,251.85,5.93,1,0.018673,-0.004017,0.009223,0.089663,46123.12891,1.06,0,35,16,0,0,0,226,0,16,53,138,34,1382,812,254,6,425,357,0,110,0,801,0,0,0,22,61,71,42,140,346,202,135,71097,12171,Mo,1
Z:\Data\2017\2017rc0101 M. Bird\U123_XRF\XRF data\L000188.spe,252.85,5.95,1,0.018673,-0.004017,0.009223,0.089663,46622.91797,1.19,29,24,21,28,0,0,240,0,31,91,128,27,2020,663,320,0,145,283,0,32,0,731,0,11,10,30,48,93,59,83,218,76,173,69798,11913,Mo,1
Z:\Data\2017\2017rc0101 M. Bird\U123_XRF\XRF data\L000189.spe,253.85,5.9,1,0.018673,-0.004017,0.009223,0.089663,46446.00391,1.19,5,5,16,5,0,0,237,0,23,87,166,62,1987,677,274,0,354,335,0,0,0,639,0,0,10,32,52,48,85,15,286,113,245,71028,12258,Mo,1
Z:\Data\2017\2017rc0101 M. Bird\U123_XRF\XRF data\L000190.spe,254.85,5.95,1,0.018673,-0.004017,0.009223,0.089663,46875.02344,1.05,0,0,0,11,8,0,216,0,49,90,273,7,3624,759,410,0,267,460,114,201,0,693,0,27,43,27,56,72,79,19,275,153,173,70459,11833,Mo,1
Z:\Data\2017\2017rc0101 M. Bird\U123_XRF\XRF data\L000191.spe,255.85,5.94,1,0.018673,-0.004017,0.009223,0.089663,46278.53125,1.03,31,34,57,6,0,0,221,0,19,121,142,35,3386,753,430,0,270,395,52,0,0,718,6,0,23,33,45,82,62,80,324,17,145,71240,12436,Mo,1
Z:\Data\2017\2017rc0101 M. Bird\U123_XRF\XRF data\L000192.spe,256.85,5.96,1,0.018673,-0.004017,0.009223,0.089663,46619.52344,1.09,0,10,36,5,22,4,249,0,48,170,129,0,3547,706,445,9,228,264,53,0,0,918,6,28,19,33,84,79,53,65,307,55,226,70958,12240,Mo,1
Z:\Data\2017\2017rc0101 M. Bird\U123_XRF\XRF data\L000193.spe,257.85,5.95,1,0.018673,-0.004017,0.009223,0.089663,47026.50391,1.15,10,34,27,15,7,0,228,0,58,159,178,67,3649,530,463,0,265,439,60,17,0,537,0,13,9,36,72,60,61,0,264,89,63,72431,12444,Mo,1
Z:\Data\2017\2017rc0101 M. Bird\U123_XRF\XRF data\L000194.spe,258.85,6.01,1,0.018673,-0.004017,0.009223,0.089663,45872.52734,1.04,5,34,55,22,6,0,227,0,40,136,107,0,2897,683,440,0,174,348,70,90,0,714,0,0,25,26,60,64,73,0,105,0,148,72029,12149,Mo,1
Z:\Data\2017\2017rc0101 M. Bird\U123_XRF\XRF data\L000195.spe,259.85,5.97,1,0.018673,-0.004017,0.009223,0.089663,46621.30469,1.01,0,34,35,34,0,0,239,9,28,129,124,54,2919,597,270,0,308,439,0,74,0,502,0,6,0,52,44,51,67,0,156,43,259,73038,11850,Mo,1
Z:\Data\2017\2017rc0101 M. Bird\U123_XRF\XRF data\L000196.spe,260.85,5.99,1,0.018673,-0.004017,0.009223,0.089663,46736.90234,1.15,0,54,40,40,0,0,223,0,52,165,128,101,3354,657,210,0,142,503,20,9,0,964,0,6,0,26,65,76,55,49,422,83,250,71591,11798,Mo,1
Z:\Data\2017\2017rc0101 M. Bird\U123_XRF\XRF data\L000197.spe,261.85,5.96,1,0.018673,-0.004017,0.009223,0.089663,47613.69531,1.2,25,65,43,20,0,0,189,0,65,154,346,56,4326,672,410,0,269,396,0,0,0,839,0,0,38,31,19,76,80,22,231,107,160,72075,12390,Mo,1
Z:\Data\2017\2017rc0101 M. Bird\U123_XRF\XRF data\L000198.spe,262.85,5.99,1,0.018673,-0.004017,0.009223,0.089663,46800.19922,1.08,8,7,41,0,6,0,264,0,59,115,130,44,2866,693,369,0,258,367,0,15,0,537,0,16,5,21,52,95,103,17,350,79,218,72395,12206,Mo,1
Z:\Data\2017\2017rc0101 M. Bird\U123_XRF\XRF data\L000199.spe,263.85,6,1,0.018673,-0.004017,0.009223,0.089663,47351.30078,1.17,10,16,0,34,21,0,221,0,54,159,206,41,3745,630,340,0,315,401,0,0,0,514,0,9,0,40,83,73,66,0,242,0,161,72725,12160,Mo,1
Z:\Data\2017\2017rc0101 M. Bird\U123_XRF\XRF data\L000200.spe,264.85,5.98,1,0.018673,-0.004017,0.009223,0.089663,47665.33203,1.04,0,23,0,24,5,0,172,0,27,103,157,63,3498,644,328,0,177,426,11,0,0,524,0,0,9,48,45,28,96,54,346,55,176,73104,12120,Mo,1
Z:\Data\2017\2017rc0101 M. Bird\U123_XRF\XRF data\L000201.spe,265.85,5.97,1,0.018673,-0.004017,0.009223,0.089663,47640.45703,1.12,0,39,51,23,6,11,180,0,37,161,146,12,3004,569,394,0,95,398,0,66,0,770,0,13,0,17,56,49,54,0,251,50,163,73142,12415,Mo,1
Z:\Data\2017\2017rc0101 M. Bird\U123_XRF\XRF data\L000202.spe,266.85,6,1,0.018673,-0.004017,0.009223,0.089663,47901.44922,1.02,43,50,20,43,15,13,186,0,36,102,96,0,2887,615,281,0,225,321,0,28,0,746,0,11,40,25,49,69,80,0,337,58,207,74798,12498,Mo,1
Z:\Data\2017\2017rc0101 M. Bird\U123_XRF\XRF data\L000203.spe,267.85,6,1,0.018673,-0.004017,0.009223,0.089663,47996.63672,1.01,18,66,48,40,16,7,204,8,40,154,154,64,3595,726,273,0,231,456,0,0,0,593,0,19,20,41,74,52,86,131,393,119,251,74107,12364,Mo,1
Z:\Data\2017\2017rc0101 M. Bird\U123_XRF\XRF data\L000204.spe,268.85,6,1,0.018673,-0.004017,0.009223,0.089663,47695.28125,1.09,58,64,67,11,0,0,216,0,64,183,191,50,3715,732,360,0,291,539,0,57,0,587,0,13,0,26,62,55,80,78,264,0,99,74625,12016,Mo,1
Z:\Data\2017\2017rc0101 M. Bird\U123_XRF\XRF data\L000205.spe,269.85,5.99,1,0.018673,-0.004017,0.009223,0.089663,47519.92578,1.06,24,48,16,17,0,0,226,0,31,187,142,35,3881,735,375,0,184,504,51,265,24,680,0,10,39,20,35,93,83,74,157,172,83,75000,12018,Mo,1
Z:\Data\2017\2017rc0101 M. Bird\U123_XRF\XRF data\L000206.spe,270.85,6.05,1,0.018673,-0.004017,0.009223,0.089663,47339.02344,1.01,17,57,11,44,0,0,191,9,34,171,68,42,3771,689,262,0,181,305,19,0,71,637,0,12,0,48,53,86,61,31,328,37,114,74789,12275,Mo,1
Z:\Data\2017\2017rc0101 M. Bird\U123_XRF\XRF data\L000207.spe,271.85,6.03,1,0.018673,-0.004017,0.009223,0.089663,47632.59375,1.07,0,13,28,9,17,0,198,0,23,130,147,65,3815,714,198,0,138,175,84,174,6,718,0,0,44,53,38,75,62,0,358,0,144,74638,12184,Mo,1
Z:\Data\2017\2017rc0101 M. Bird\U123_XRF\XRF data\L000208.spe,272.85,6.02,1,0.018673,-0.004017,0.009223,0.089663,47688.80469,1.04,0,11,6,22,10,0,193,0,41,172,105,28,3711,714,278,0,115,454,5,319,106,349,0,8,50,25,46,70,82,73,440,68,141,75301,12386,Mo,1
Z:\Data\2017\2017rc0101 M. Bird\U123_XRF\XRF data\L000209.spe,273.85,6.02,1,0.018673,-0.004017,0.009223,0.089663,47829.8125,1.18,11,4,33,48,0,0,182,10,38,230,120,0,4109,664,119,4,140,216,88,258,123,836,0,0,0,25,72,86,27,104,278,29,49,75742,12282,Mo,1
Z:\Data\2017\2017rc0101 M. Bird\U123_XRF\XRF data\L000210.spe,274.85,6.07,1,0.018673,-0.004017,0.009223,0.089663,47192.47656,1.02,4,51,29,42,0,0,215,0,39,196,119,12,3718,692,205,0,0,366,106,97,162,741,6,13,0,15,56,95,53,18,322,0,72,76864,12481,Mo,1
Z:\Data\2017\2017rc0101 M. Bird\U123_XRF\XRF data\L000211.spe,275.85,6.05,1,0.018673,-0.004017,0.009223,0.089663,47994.07031,1.09,5,42,52,0,6,0,201,0,7,218,97,0,3988,737,234,0,102,182,0,170,62,686,0,9,0,29,49,60,46,33,389,0,163,76214,12237,Mo,1
Z:\Data\2017\2017rc0101 M. Bird\U123_XRF\XRF data\L000212.spe,276.85,6.02,1,0.018673,-0.004017,0.009223,0.089663,48171.12109,1.1,18,32,37,27,18,0,185,0,67,188,164,14,4616,678,419,0,178,441,0,59,53,748,0,0,48,29,28,60,91,0,246,115,128,75886,12382,Mo,1
Z:\Data\2017\2017rc0101 M. Bird\U123_XRF\XRF data\L000213.spe,277.85,6.03,1,0.018673,-0.004017,0.009223,0.089663,47822.15234,1.17,0,54,26,13,0,0,181,0,40,194,103,7,4102,777,247,0,0,110,0,96,137,564,0,0,44,37,51,58,50,84,363,0,167,75820,12346,Mo,1
Z:\Data\2017\2017rc0101 M. Bird\U123_XRF\XRF data\L000214.spe,278.85,6.05,1,0.018673,-0.004017,0.009223,0.089663,47561.33203,1.04,47,42,57,29,32,0,220,0,48,159,92,22,3438,809,284,0,0,109,0,146,160,1102,0,6,16,32,58,36,53,48,353,0,48,76560,12100,Mo,1
Z:\Data\2017\2017rc0101 M. Bird\U123_XRF\XRF data\L000215.spe,279.85,6.03,1,0.018673,-0.004017,0.009223,0.089663,46823.89453,1.08,15,0,20,24,17,0,284,0,47,221,35,0,3045,819,287,42,7,63,0,112,188,1090,0,0,0,0,87,92,0,159,185,0,0,78164,12446,Mo,1
Z:\Data\2017\2017rc0101 M. Bird\U123_XRF\XRF data\L000216.spe,280.85,6.05,1,0.018673,-0.004017,0.009223,0.089663,47991.57422,1.08,20,43,50,25,0,8,226,4,35,128,91,31,4649,663,373,0,0,204,24,120,4,751,0,25,37,37,50,31,54,26,256,0,145,76435,12324,Mo,1
Z:\Data\2017\2017rc0101 M. Bird\U123_XRF\XRF data\L000217.spe,281.85,5.96,1,0.018673,-0.004017,0.009223,0.089663,48206.15625,0.97,0,42,57,27,18,0,219,0,76,227,176,36,5076,797,393,0,77,228,351,161,228,912,0,20,41,24,34,53,93,76,346,0,60,77627,12189,Mo,1
Z:\Data\2017\2017rc0101 M. Bird\U123_XRF\XRF data\L000218.spe,282.85,5.98,1,0.018673,-0.004017,0.009223,0.089663,47068.83594,1.26,0,63,61,29,31,9,283,0,84,153,85,0,2901,797,306,21,0,101,29,150,140,866,0,28,0,0,52,43,30,81,225,0,0,80212,12735,Mo,1
Z:\Data\2017\2017rc0101 M. Bird\U123_XRF\XRF data\L000219.spe,283.85,5.99,1,0.018673,-0.004017,0.009223,0.089663,47371.14453,1.16,0,53,44,42,13,0,276,0,22,118,56,0,2524,898,322,30,0,140,230,262,324,1035,0,17,5,28,49,53,31,121,201,0,0,80406,12411,Mo,1
Z:\Data\2017\2017rc0101 M. Bird\U123_XRF\XRF data\L000220.spe,284.85,5.94,1,0.018673,-0.004017,0.009223,0.089663,46972.17578,1.3,0,24,0,6,9,15,252,0,17,115,68,0,2268,890,249,75,0,0,447,383,264,1221,16,0,0,15,27,30,31,74,271,0,0,80999,12241,Mo,1
Z:\Data\2017\2017rc0101 M. Bird\U123_XRF\XRF data\L000221.spe,285.85,5.96,1,0.018673,-0.004017,0.009223,0.089663,44107.96875,2.01,0,0,7,13,12,0,309,0,12,33,0,0,197,994,140,26,0,0,308,681,561,1076,0,0,0,0,7,0,0,69,107,0,0,82285,12275,Mo,1
Z:\Data\2017\2017rc0101 M. Bird\U123_XRF\XRF data\L000222.spe,286.85,6,1,0.018673,-0.004017,0.009223,0.089663,43112.6875,1.97,10,23,0,17,7,0,345,16,0,12,35,0,144,979,139,0,0,0,383,664,574,1137,0,0,18,0,0,0,0,57,173,0,0,79016,11954,Mo,1
Z:\Data\2017\2017rc0101 M. Bird\U123_XRF\XRF data\L000223.spe,287.85,5.85,1,0.018673,-0.004017,0.009223,0.089663,42924.63672,1.77,0,9,12,31,20,21,356,11,38,55,0,0,184,940,176,0,0,0,316,561,496,1261,23,0,0,21,29,0,0,38,86,0,0,76593,11876,Mo,1
Z:\Data\2017\2017rc0101 M. Bird\U123_XRF\XRF data\L000224.spe,288.85,5.83,1,0.018673,-0.004017,0.009223,0.089663,41422.67188,2.03,0,18,22,25,0,0,324,0,18,32,0,0,58,939,83,8,0,0,487,545,689,1219,0,0,0,0,19,0,0,58,159,0,0,75824,12043,Mo,1
Z:\Data\2017\2017rc0101 M. Bird\U123_XRF\XRF data\L000225.spe,289.85,5.87,1,0.018673,-0.004017,0.009223,0.089663,40614.03906,2.76,0,36,25,33,8,0,391,0,27,52,0,8,30,895,84,0,0,0,488,801,628,1024,0,0,0,0,27,0,0,52,179,0,0,75718,11639,Mo,1
Z:\Data\2017\2017rc0101 M. Bird\U123_XRF\XRF data\L000226.spe,290.85,5.87,1,0.018673,-0.004017,0.009223,0.089663,41074.76563,2.6,8,41,40,29,33,0,363,0,33,40,15,0,63,983,81,5,0,0,544,832,633,1005,0,0,0,0,15,0,0,64,182,0,0,75540,11588,Mo,1
Z:\Data\2017\2017rc0101 M. Bird\U123_XRF\XRF data\L000227.spe,291.85,5.79,1,0.018673,-0.004017,0.009223,0.089663,41994.30469,2.09,0,0,0,11,0,16,321,0,23,22,19,0,28,999,113,36,0,0,267,633,569,1088,18,0,0,14,0,0,0,107,139,0,0,76284,12014,Mo,1
Z:\Data\2017\2017rc0101 M. Bird\U123_XRF\XRF data\L000228.spe,292.85,5.74,1,0.018673,-0.004017,0.009223,0.089663,43853.27734,1.27,0,0,8,0,6,6,333,0,59,23,37,31,53,881,157,20,0,0,194,384,291,673,0,7,0,5,14,26,17,100,332,0,0,74855,11884,Mo,1
Z:\Data\2017\2017rc0101 M. Bird\U123_XRF\XRF data\L000229.spe,293.85,5.39,1,0.018673,-0.004017,0.009223,0.089663,45607.75,1.05,0,41,39,10,0,0,273,0,61,11,106,0,71,754,410,53,158,0,0,0,22,423,0,9,42,8,26,29,92,65,200,0,193,73543,12575,Mo,1
Z:\Data\2017\2017rc0101 M. Bird\U123_XRF\XRF data\L000230.spe,294.85,5.37,1,0.018673,-0.004017,0.009223,0.089663,43491.75,1.05,0,57,13,18,13,0,277,0,21,65,73,0,64,693,374,81,0,0,154,0,0,569,8,8,0,14,31,25,64,93,256,31,75,70989,11732,Mo,1
Z:\Data\2017\2017rc0101 M. Bird\U123_XRF\XRF data\L000231.spe,295.85,5.37,1,0.018673,-0.004017,0.009223,0.089663,42499.46875,1.09,6,22,21,23,5,0,317,0,49,50,47,0,33,696,214,0,139,0,11,0,0,317,0,5,0,15,27,49,26,9,307,39,0,68806,11770,Mo,1
Z:\Data\2017\2017rc0101 M. Bird\U123_XRF\XRF data\L000232.spe,296.85,5.37,1,0.018673,-0.004017,0.009223,0.089663,42072.62109,1.06,0,0,6,0,0,0,339,0,62,16,76,0,28,764,349,14,61,0,0,107,0,396,20,16,28,5,12,50,61,108,248,0,32,67567,11911,Mo,1
Z:\Data\2017\2017rc0101 M. Bird\U123_XRF\XRF data\L000233.spe,297.85,5.37,1,0.018673,-0.004017,0.009223,0.089663,41850.40625,1.02,0,15,6,6,0,9,327,7,54,0,61,21,45,614,214,0,47,0,0,0,0,274,0,11,52,14,0,61,84,70,286,0,68,65261,12260,Mo,1
Z:\Data\2017\2017rc0101 M. Bird\U123_XRF\XRF data\L000234.spe,298.85,5.37,1,0.018673,-0.004017,0.009223,0.089663,41063.90234,1.11,12,0,14,0,0,0,310,0,67,25,60,0,36,659,225,0,153,0,118,93,0,237,0,0,18,13,32,30,67,93,395,21,147,63261,11655,Mo,1
Z:\Data\2017\2017rc0101 M. Bird\U123_XRF\XRF data\L000235.spe,299.85,5.37,1,0.018673,-0.004017,0.009223,0.089663,40256.43359,1.05,0,5,29,4,15,0,302,0,115,23,91,30,40,589,282,18,0,0,0,0,0,124,0,9,34,20,40,56,55,5,204,0,46,61338,11382,Mo,1
Z:\Data\2017\2017rc0101 M. Bird\U123_XRF\XRF data\L000236.spe,300.85,5.37,1,0.018673,-0.004017,0.009223,0.089663,39201.98438,1.23,0,11,0,15,0,0,310,0,144,27,96,0,58,564,211,0,0,192,134,0,0,178,0,31,18,14,21,48,80,5,118,0,107,58256,12056,Mo,1
