"","Depth","max","min","median","mean","Depth.mm"
"1",0,-46,932,328,353,0
"2",0.1,35,1000,411,435,1
"3",0.2,117,1080,494,517,2
"4",0.3,198,1165,577,598,3
"5",0.4,279,1229,658,680,4
"6",0.5,361,1313,740,762,5
"7",0.6,442,1407,823,843,6
"8",0.7,524,1501,904,925,7
"9",0.8,605,1595,988,1007,8
"10",0.9,687,1690,1074,1088,9
"11",1,769,1779,1156,1170,10
"12",1.1,851,1873,1239,1251,11
"13",1.2,933,1971,1328,1333,12
"14",1.3,1014,2066,1418,1415,13
"15",1.4,1095,2161,1501,1496,14
"16",1.5,1176,2243,1582,1578,15
"17",1.6,1257,2342,1668,1660,16
"18",1.7,1338,2443,1749,1741,17
"19",1.8,1420,2537,1828,1823,18
"20",1.9,1501,2633,1906,1905,19
"21",2,1582,2732,1985,1986,20
"22",2.1,1664,2830,2067,2068,21
"23",2.2,1745,2928,2145,2149,22
"24",2.3,1826,3028,2218,2231,23
"25",2.4,1908,3130,2294,2313,24
"26",2.5,1989,3232,2372,2394,25
"27",2.6,2071,3334,2449,2476,26
"28",2.7,2152,3435,2524,2558,27
"29",2.8,2234,3537,2597,2639,28
"30",2.9,2315,3639,2671,2721,29
"31",3,2396,3740,2749,2803,30
"32",3.1,2478,3842,2831,2884,31
"33",3.2,2559,3944,2911,2966,32
"34",3.3,2641,4044,2986,3047,33
"35",3.4,2722,4144,3058,3129,34
"36",3.5,2804,4246,3139,3211,35
"37",3.6,2886,4348,3220,3292,36
"38",3.7,2968,4450,3296,3374,37
"39",3.8,3050,4552,3372,3456,38
"40",3.9,3131,4654,3451,3537,39
"41",4,3213,4757,3524,3619,40
"42",4.1,3295,4859,3602,3701,41
"43",4.2,3373,4959,3679,3782,42
"44",4.3,3450,5058,3749,3864,43
"45",4.4,3526,5159,3825,3945,44
"46",4.5,3602,5259,3904,4027,45
"47",4.6,3683,5359,3985,4109,46
"48",4.7,3763,5459,4061,4190,47
"49",4.8,3844,5559,4136,4272,48
"50",4.9,3920,5660,4211,4354,49
"51",5,3989,5758,4286,4435,50
"52",5.1,4007,5766,4299,4446,51
"53",5.2,4025,5772,4309,4456,52
"54",5.3,4040,5778,4316,4466,53
"55",5.4,4057,5784,4330,4477,54
"56",5.5,4073,5790,4338,4487,55
"57",5.6,4088,5797,4350,4497,56
"58",5.7,4105,5803,4359,4508,57
"59",5.8,4120,5809,4366,4518,58
"60",5.9,4135,5815,4372,4528,59
"61",6,4149,5821,4383,4539,60
"62",6.1,4162,5826,4393,4549,61
"63",6.2,4175,5832,4406,4560,62
"64",6.3,4184,5839,4419,4570,63
"65",6.4,4198,5846,4431,4580,64
"66",6.5,4208,5854,4443,4591,65
"67",6.6,4214,5862,4455,4601,66
"68",6.7,4222,5870,4469,4611,67
"69",6.8,4233,5878,4482,4622,68
"70",6.9,4241,5883,4493,4632,69
"71",7,4249,5888,4505,4642,70
"72",7.1,4256,5893,4515,4653,71
"73",7.2,4260,5898,4527,4663,72
"74",7.3,4266,5903,4536,4674,73
"75",7.4,4272,5912,4545,4684,74
"76",7.5,4276,5924,4556,4694,75
"77",7.6,4284,5937,4566,4705,76
"78",7.7,4292,5949,4580,4715,77
"79",7.8,4297,5962,4592,4725,78
"80",7.9,4303,5974,4603,4736,79
"81",8,4307,5983,4612,4746,80
"82",8.1,4311,5994,4623,4756,81
"83",8.2,4316,6005,4633,4767,82
"84",8.3,4321,6016,4643,4777,83
"85",8.4,4326,6023,4655,4788,84
"86",8.5,4331,6030,4667,4798,85
"87",8.6,4336,6038,4678,4808,86
"88",8.7,4341,6048,4688,4819,87
"89",8.8,4344,6057,4700,4829,88
"90",8.9,4349,6065,4715,4839,89
"91",9,4357,6073,4722,4850,90
"92",9.1,4362,6080,4736,4860,91
"93",9.2,4366,6088,4746,4870,92
"94",9.3,4370,6095,4761,4881,93
"95",9.4,4373,6103,4773,4891,94
"96",9.5,4377,6111,4787,4901,95
"97",9.6,4382,6120,4798,4912,96
"98",9.7,4387,6130,4807,4922,97
"99",9.8,4391,6139,4819,4933,98
"100",9.9,4395,6150,4829,4943,99
"101",10,4399,6160,4840,4953,100
"102",10.1,4410,6168,4850,4963,101
"103",10.2,4416,6179,4859,4973,102
"104",10.3,4430,6192,4867,4983,103
"105",10.4,4443,6204,4875,4993,104
"106",10.5,4462,6217,4883,5002,105
"107",10.6,4473,6229,4892,5012,106
"108",10.7,4481,6240,4897,5022,107
"109",10.8,4489,6254,4903,5032,108
"110",10.9,4497,6268,4911,5042,109
"111",11,4507,6279,4923,5051,110
"112",11.1,4514,6287,4934,5061,111
"113",11.2,4520,6297,4941,5071,112
"114",11.3,4526,6309,4950,5081,113
"115",11.4,4533,6323,4961,5091,114
"116",11.5,4544,6336,4972,5101,115
"117",11.6,4554,6345,4981,5110,116
"118",11.7,4560,6354,4995,5120,117
"119",11.8,4568,6364,5007,5130,118
"120",11.9,4585,6375,5018,5140,119
"121",12,4604,6387,5029,5150,120
"122",12.1,4621,6396,5039,5159,121
"123",12.2,4626,6401,5051,5169,122
"124",12.3,4629,6411,5061,5179,123
"125",12.4,4633,6424,5073,5189,124
"126",12.5,4638,6437,5083,5199,125
"127",12.6,4644,6450,5091,5209,126
"128",12.7,4649,6464,5102,5218,127
"129",12.8,4653,6477,5114,5228,128
"130",12.9,4657,6491,5123,5238,129
"131",13,4661,6505,5135,5248,130
"132",13.1,4665,6519,5146,5258,131
"133",13.2,4669,6528,5158,5267,132
"134",13.3,4673,6537,5167,5277,133
"135",13.4,4677,6547,5177,5287,134
"136",13.5,4684,6561,5188,5297,135
"137",13.6,4688,6575,5198,5307,136
"138",13.7,4692,6591,5212,5317,137
"139",13.8,4696,6603,5225,5326,138
"140",13.9,4702,6613,5237,5336,139
"141",14,4708,6621,5247,5346,140
"142",14.1,4715,6629,5261,5356,141
"143",14.2,4721,6638,5273,5366,142
"144",14.3,4726,6649,5284,5375,143
"145",14.4,4729,6663,5298,5385,144
"146",14.5,4732,6675,5313,5395,145
"147",14.6,4735,6686,5321,5405,146
"148",14.7,4740,6694,5332,5415,147
"149",14.8,4746,6704,5344,5425,148
"150",14.9,4750,6715,5356,5434,149
"151",15,4754,6726,5365,5444,150
"152",15.1,4782,6749,5385,5467,151
"153",15.2,4815,6770,5405,5489,152
"154",15.3,4837,6793,5426,5511,153
"155",15.4,4867,6812,5445,5534,154
"156",15.5,4897,6836,5465,5556,155
"157",15.6,4924,6860,5488,5579,156
"158",15.7,4953,6884,5508,5601,157
"159",15.8,4972,6906,5529,5623,158
"160",15.9,4996,6927,5556,5646,159
"161",16,5023,6949,5580,5668,160
"162",16.1,5041,6967,5599,5690,161
"163",16.2,5060,6989,5620,5713,162
"164",16.3,5093,7007,5642,5735,163
"165",16.4,5108,7027,5662,5758,164
"166",16.5,5133,7051,5688,5780,165
"167",16.6,5153,7071,5712,5802,166
"168",16.7,5185,7089,5732,5825,167
"169",16.8,5206,7107,5755,5847,168
"170",16.9,5233,7132,5777,5869,169
"171",17,5250,7151,5797,5892,170
"172",17.1,5273,7163,5818,5914,171
"173",17.2,5302,7173,5840,5937,172
"174",17.3,5320,7194,5863,5959,173
"175",17.4,5333,7212,5888,5981,174
"176",17.5,5355,7229,5912,6004,175
"177",17.6,5382,7247,5939,6026,176
"178",17.7,5409,7263,5962,6049,177
"179",17.8,5431,7280,5985,6071,178
"180",17.9,5438,7299,6007,6093,179
"181",18,5444,7321,6027,6116,180
"182",18.1,5455,7344,6047,6138,181
"183",18.2,5469,7359,6067,6160,182
"184",18.3,5479,7381,6089,6183,183
"185",18.4,5494,7398,6111,6205,184
"186",21,5857,7941,6565,6677,210
"187",21.1,5873,7948,6580,6689,211
"188",21.2,5889,7954,6589,6700,212
"189",21.3,5905,7961,6599,6712,213
"190",21.4,5921,7967,6612,6723,214
"191",21.5,5937,7973,6622,6735,215
"192",21.6,5948,7980,6633,6746,216
"193",21.7,5964,7986,6651,6757,217
"194",21.8,5977,7992,6664,6769,218
"195",21.9,5991,8002,6680,6780,219
"196",22,6008,8013,6696,6792,220
"197",22.1,6026,8023,6710,6803,221
"198",22.2,6037,8027,6724,6814,222
"199",22.3,6048,8033,6738,6826,223
"200",22.4,6059,8042,6751,6837,224
"201",22.5,6070,8046,6761,6849,225
"202",22.6,6084,8048,6776,6860,226
"203",22.7,6097,8056,6791,6872,227
"204",22.8,6111,8062,6803,6883,228
"205",22.9,6123,8074,6819,6894,229
"206",23,6136,8082,6831,6906,230
"207",23.1,6145,8088,6845,6917,231
"208",23.2,6156,8103,6860,6929,232
"209",23.3,6166,8118,6877,6940,233
"210",23.4,6176,8121,6894,6951,234
"211",23.5,6188,8127,6907,6963,235
"212",23.6,6201,8138,6921,6974,236
"213",23.7,6217,8151,6942,6986,237
"214",23.8,6229,8162,6954,6997,238
"215",23.9,6246,8175,6967,7009,239
"216",24,6259,8188,6980,7020,240
"217",24.1,6270,8194,6997,7031,241
"218",24.2,6286,8198,7008,7043,242
"219",24.3,6299,8200,7022,7054,243
"220",24.4,6308,8208,7031,7066,244
"221",24.5,6321,8217,7044,7077,245
"222",24.6,6331,8225,7056,7088,246
"223",24.7,6339,8229,7067,7100,247
"224",24.8,6347,8234,7077,7111,248
"225",24.9,6356,8243,7087,7123,249
"226",25,6365,8251,7099,7134,250
"227",25.1,6383,8255,7103,7140,251
"228",25.2,6405,8260,7110,7147,252
"229",25.3,6425,8265,7115,7153,253
"230",25.4,6441,8271,7120,7159,254
"231",25.5,6453,8276,7123,7165,255
"232",25.6,6466,8284,7127,7171,256
"233",25.7,6477,8291,7130,7178,257
"234",25.8,6489,8299,7137,7184,258
"235",25.9,6502,8307,7143,7190,259
"236",26,6515,8316,7148,7196,260
"237",26.1,6526,8324,7155,7202,261
"238",26.2,6536,8332,7158,7209,262
"239",26.3,6539,8340,7165,7215,263
"240",26.4,6544,8349,7175,7221,264
"241",26.5,6555,8357,7179,7227,265
"242",26.6,6558,8362,7184,7233,266
"243",26.7,6561,8367,7189,7240,267
"244",26.8,6569,8372,7195,7246,268
"245",26.9,6580,8380,7200,7252,269
"246",27,6585,8385,7205,7258,270
"247",27.1,6592,8389,7210,7264,271
"248",27.2,6597,8393,7215,7271,272
"249",27.3,6601,8397,7219,7277,273
"250",27.4,6608,8404,7224,7283,274
"251",27.5,6613,8412,7230,7289,275
"252",27.6,6616,8419,7235,7295,276
"253",27.7,6626,8426,7239,7302,277
"254",27.8,6632,8434,7242,7308,278
"255",27.9,6633,8442,7246,7314,279
"256",28,6639,8451,7253,7320,280
"257",28.1,6642,8459,7257,7326,281
"258",28.2,6648,8467,7262,7333,282
"259",28.3,6652,8475,7267,7339,283
"260",28.4,6656,8478,7272,7345,284
"261",28.5,6659,8483,7277,7351,285
"262",28.6,6662,8487,7282,7357,286
"263",28.7,6663,8492,7288,7364,287
"264",28.8,6664,8499,7294,7370,288
"265",28.9,6665,8510,7300,7376,289
"266",29,6666,8519,7305,7382,290
"267",29.1,6669,8527,7310,7388,291
"268",29.2,6672,8532,7315,7395,292
"269",29.3,6674,8537,7321,7401,293
"270",29.4,6677,8543,7328,7407,294
"271",29.5,6680,8550,7334,7413,295
"272",29.6,6683,8560,7340,7419,296
"273",29.7,6686,8572,7345,7426,297
"274",29.8,6691,8580,7352,7432,298
"275",29.9,6697,8587,7356,7438,299
"276",30,6700,8594,7363,7444,300
"277",30.1,6738,8601,7372,7457,301
"278",30.2,6776,8608,7382,7470,302
"279",30.3,6813,8617,7392,7483,303
"280",30.4,6849,8627,7402,7496,304
"281",30.5,6887,8639,7413,7508,305
"282",30.6,6927,8650,7421,7521,306
"283",30.7,6967,8661,7430,7534,307
"284",30.8,7005,8668,7438,7547,308
"285",30.9,7043,8674,7448,7560,309
"286",31,7077,8684,7456,7573,310
"287",31.1,7110,8694,7465,7586,311
"288",31.2,7144,8706,7474,7599,312
"289",31.3,7182,8719,7483,7611,313
"290",31.4,7221,8726,7492,7624,314
"291",31.5,7252,8735,7502,7637,315
"292",31.6,7278,8751,7515,7650,316
"293",31.7,7300,8765,7528,7663,317
"294",31.8,7326,8777,7537,7676,318
"295",31.9,7343,8789,7550,7689,319
"296",32,7356,8800,7563,7701,320
"297",32.1,7370,8814,7577,7714,321
"298",32.2,7377,8826,7593,7727,322
"299",32.3,7384,8838,7606,7740,323
"300",32.4,7387,8856,7623,7753,324
"301",32.5,7396,8864,7637,7766,325
"302",32.6,7403,8877,7652,7779,326
"303",32.7,7409,8886,7667,7792,327
"304",32.8,7413,8897,7682,7804,328
"305",32.9,7416,8908,7695,7817,329
"306",33,7419,8918,7708,7830,330
"307",33.1,7422,8930,7725,7843,331
"308",33.2,7427,8940,7738,7856,332
"309",33.3,7430,8946,7756,7869,333
"310",33.4,7434,8955,7774,7882,334
"311",33.5,7439,8964,7789,7894,335
"312",33.6,7444,8969,7804,7907,336
"313",33.7,7449,8974,7823,7920,337
"314",33.8,7451,8984,7841,7933,338
"315",33.9,7454,8993,7858,7946,339
"316",34,7457,8998,7875,7959,340
"317",34.1,7460,9009,7890,7972,341
"318",34.2,7462,9015,7907,7984,342
"319",34.3,7463,9021,7926,7997,343
"320",34.4,7465,9032,7943,8010,344
"321",34.5,7468,9044,7961,8023,345
"322",34.6,7471,9056,7979,8036,346
"323",34.7,7474,9068,7999,8049,347
"324",34.8,7476,9078,8012,8062,348
"325",34.9,7478,9086,8028,8075,349
"326",35,7480,9096,8042,8087,350
"327",35.1,7504,9128,8063,8110,351
"328",35.2,7533,9161,8080,8132,352
"329",35.3,7559,9194,8095,8154,353
"330",35.4,7587,9231,8112,8176,354
"331",35.5,7609,9268,8135,8199,355
"332",35.6,7631,9301,8152,8221,356
"333",35.7,7653,9331,8169,8243,357
"334",35.8,7676,9363,8186,8265,358
"335",35.9,7695,9395,8201,8288,359
"336",36,7715,9429,8215,8310,360
"337",36.1,7733,9462,8237,8332,361
"338",36.2,7754,9499,8267,8354,362
"339",36.3,7772,9537,8294,8376,363
"340",36.4,7789,9573,8321,8399,364
"341",36.5,7805,9610,8345,8421,365
"342",36.6,7823,9643,8370,8443,366
"343",36.7,7840,9674,8396,8465,367
"344",36.8,7856,9707,8417,8488,368
"345",36.9,7872,9740,8440,8510,369
"346",37,7885,9775,8462,8532,370
"347",37.1,7901,9813,8488,8554,371
"348",37.2,7919,9846,8516,8577,372
"349",37.3,7931,9879,8539,8599,373
"350",37.4,7946,9915,8573,8621,374
"351",37.5,7964,9951,8609,8643,375
"352",37.6,7979,9986,8637,8665,376
"353",37.7,7993,10018,8670,8688,377
"354",37.8,8006,10050,8695,8710,378
"355",37.9,8020,10085,8714,8732,379
"356",38,8027,10121,8735,8754,380
"357",38.1,8038,10155,8755,8777,381
"358",38.2,8048,10183,8771,8799,382
"359",38.3,8060,10215,8792,8821,383
"360",38.4,8074,10253,8809,8843,384
"361",38.5,8087,10282,8830,8866,385
"362",38.6,8097,10316,8847,8888,386
"363",38.7,8106,10352,8866,8910,387
"364",38.8,8110,10389,8889,8932,388
"365",38.9,8112,10425,8909,8954,389
"366",39,8119,10458,8930,8977,390
"367",39.1,8129,10488,8952,8999,391
"368",39.2,8132,10518,8968,9021,392
"369",39.3,8139,10555,8984,9043,393
"370",39.4,8151,10589,9007,9066,394
"371",39.5,8158,10623,9032,9088,395
"372",39.6,8160,10654,9052,9110,396
"373",39.7,8162,10685,9069,9132,397
"374",39.8,8164,10718,9092,9155,398
"375",39.9,8170,10756,9115,9177,399
"376",40,8176,10789,9138,9199,400
"377",40.1,8228,10794,9162,9223,401
"378",40.2,8278,10797,9192,9248,402
"379",40.3,8332,10803,9214,9272,403
"380",40.4,8385,10806,9240,9296,404
"381",40.5,8435,10809,9265,9321,405
"382",40.6,8486,10812,9293,9345,406
"383",40.7,8537,10818,9314,9369,407
"384",40.8,8589,10827,9341,9393,408
"385",40.9,8640,10835,9371,9418,409
"386",41,8687,10840,9397,9442,410
"387",41.1,8738,10841,9424,9466,411
"388",41.2,8789,10846,9442,9491,412
"389",41.3,8835,10853,9463,9515,413
"390",41.4,8885,10857,9485,9539,414
"391",41.5,8937,10866,9506,9564,415
"392",41.6,8989,10870,9528,9588,416
"393",41.7,9033,10876,9548,9612,417
"394",41.8,9082,10884,9567,9637,418
"395",41.9,9131,10889,9586,9661,419
"396",42,9176,10893,9604,9685,420
"397",42.1,9226,10907,9620,9709,421
"398",42.2,9275,10918,9641,9734,422
"399",42.3,9322,10921,9659,9758,423
"400",42.4,9367,10928,9673,9782,424
"401",42.5,9410,10938,9691,9807,425
"402",42.6,9449,10947,9710,9831,426
"403",42.7,9487,10957,9730,9855,427
"404",42.8,9521,10967,9749,9880,428
"405",42.9,9556,10977,9772,9904,429
"406",43,9585,10987,9792,9928,430
"407",43.1,9606,10994,9816,9953,431
"408",43.2,9627,11004,9839,9977,432
"409",43.3,9649,11015,9867,10001,433
"410",43.4,9671,11024,9894,10025,434
"411",43.5,9682,11033,9918,10050,435
"412",43.6,9690,11043,9946,10074,436
"413",43.7,9700,11050,9975,10098,437
"414",43.8,9707,11062,10001,10123,438
"415",43.9,9714,11078,10027,10147,439
"416",44,9720,11090,10053,10171,440
"417",44.1,9723,11113,10079,10196,441
"418",44.2,9728,11124,10105,10220,442
"419",44.3,9734,11153,10131,10244,443
"420",44.4,9738,11184,10158,10269,444
"421",44.5,9741,11207,10188,10293,445
"422",44.6,9745,11227,10216,10317,446
"423",44.7,9749,11263,10241,10341,447
"424",44.8,9752,11289,10272,10366,448
"425",44.9,9756,11335,10300,10390,449
"426",45,9759,11379,10326,10414,450
"427",45.1,9807,11386,10357,10442,451
"428",45.2,9857,11395,10390,10470,452
"429",45.3,9879,11406,10418,10498,453
"430",45.4,9905,11422,10443,10526,454
"431",45.5,9927,11430,10473,10553,455
"432",45.6,9942,11443,10503,10581,456
"433",45.7,9966,11454,10537,10609,457
"434",45.8,9980,11464,10572,10637,458
"435",45.9,9987,11475,10609,10665,459
"436",46,10005,11486,10638,10692,460
"437",46.1,10018,11514,10665,10720,461
"438",46.2,10032,11541,10698,10748,462
"439",46.3,10047,11559,10731,10776,463
"440",46.4,10059,11580,10757,10804,464
"441",46.5,10068,11611,10785,10831,465
"442",46.6,10081,11641,10811,10859,466
"443",46.7,10089,11690,10843,10887,467
"444",46.8,10101,11737,10874,10915,468
"445",46.9,10116,11798,10900,10943,469
"446",47,10130,11863,10929,10970,470
"447",47.1,10147,11920,10954,10998,471
"448",47.2,10157,11991,10984,11026,472
"449",47.3,10162,12058,11019,11054,473
"450",47.4,10171,12140,11049,11081,474
"451",47.5,10178,12223,11078,11109,475
"452",47.6,10185,12311,11110,11137,476
"453",47.7,10192,12398,11132,11165,477
"454",47.8,10199,12494,11162,11193,478
"455",47.9,10207,12584,11191,11220,479
"456",48,10215,12661,11217,11248,480
"457",48.1,10222,12745,11243,11276,481
"458",48.2,10230,12829,11268,11304,482
"459",48.3,10237,12918,11293,11332,483
"460",48.4,10245,13007,11317,11359,484
"461",48.5,10255,13097,11334,11387,485
"462",48.6,10265,13186,11346,11415,486
"463",48.7,10271,13275,11367,11443,487
"464",48.8,10278,13359,11391,11471,488
"465",48.9,10287,13440,11416,11498,489
"466",49,10296,13532,11432,11526,490
"467",49.1,10306,13617,11458,11554,491
"468",49.2,10316,13705,11484,11582,492
"469",49.3,10326,13786,11507,11610,493
"470",49.4,10334,13867,11535,11637,494
"471",49.5,10344,13957,11564,11665,495
"472",49.6,10353,14041,11580,11693,496
"473",49.7,10357,14133,11601,11721,497
"474",49.8,10361,14224,11621,11749,498
"475",49.9,10367,14312,11640,11776,499
"476",50,10375,14399,11660,11804,500
"477",50.1,10406,14422,11702,11839,501
"478",50.2,10441,14448,11737,11873,502
"479",50.3,10474,14462,11776,11908,503
"480",50.4,10498,14473,11809,11942,504
"481",50.5,10533,14482,11847,11977,505
"482",50.6,10564,14493,11879,12011,506
"483",50.7,10595,14509,11913,12046,507
"484",50.8,10622,14522,11943,12080,508
"485",50.9,10652,14534,11983,12115,509
"486",51,10670,14547,12022,12149,510
"487",51.1,10710,14569,12062,12184,511
"488",51.2,10736,14587,12100,12218,512
"489",51.3,10753,14601,12142,12253,513
"490",51.4,10761,14616,12191,12287,514
"491",51.5,10770,14630,12234,12322,515
"492",51.6,10787,14645,12277,12356,516
"493",51.7,10799,14663,12318,12391,517
"494",51.8,10822,14680,12357,12425,518
"495",51.9,10843,14697,12391,12460,519
"496",52,10868,14714,12428,12494,520
"497",52.1,10882,14731,12464,12529,521
"498",52.2,10895,14748,12499,12563,522
"499",52.3,10911,14765,12534,12598,523
"500",52.4,10929,14782,12567,12632,524
"501",52.5,10947,14828,12610,12667,525
"502",52.6,10964,14847,12647,12701,526
"503",52.7,10978,14885,12685,12736,527
"504",52.8,10988,14935,12724,12770,528
"505",52.9,10996,15020,12762,12805,529
"506",53,11010,15097,12793,12839,530
"507",53.1,11017,15175,12830,12874,531
"508",53.2,11022,15221,12863,12908,532
"509",53.3,11029,15295,12895,12943,533
"510",53.4,11037,15342,12929,12977,534
"511",53.5,11050,15429,12959,13012,535
"512",53.6,11053,15483,12991,13046,536
"513",53.7,11066,15507,13018,13081,537
"514",53.8,11078,15546,13054,13115,538
"515",53.9,11083,15604,13078,13150,539
"516",54,11088,15658,13117,13184,540
"517",54.1,11093,15733,13157,13219,541
"518",54.2,11098,15791,13194,13253,542
"519",54.3,11104,15874,13218,13288,543
"520",54.4,11113,15980,13254,13323,544
"521",54.5,11119,16062,13287,13357,545
"522",54.6,11126,16169,13321,13392,546
"523",54.7,11131,16272,13363,13426,547
"524",54.8,11137,16375,13404,13461,548
"525",54.9,11147,16477,13441,13495,549
"526",55,11155,16580,13473,13530,550
"527",55.1,11189,16602,13496,13562,551
"528",55.2,11212,16624,13535,13595,552
"529",55.3,11240,16646,13587,13627,553
"530",55.4,11311,16668,13624,13660,554
"531",55.5,11388,16686,13655,13692,555
"532",55.6,11411,16697,13684,13724,556
"533",55.7,11424,16714,13716,13757,557
"534",55.8,11472,16739,13767,13789,558
"535",55.9,11505,16764,13806,13822,559
"536",56,11513,16785,13836,13854,560
"537",56.1,11536,16806,13874,13887,561
"538",56.2,11550,16827,13925,13919,562
"539",56.3,11572,16848,13952,13952,563
"540",56.4,11600,16869,13977,13984,564
"541",56.5,11615,16886,13989,14017,565
"542",56.6,11636,16902,14022,14049,566
"543",56.7,11665,16934,14050,14082,567
"544",56.8,11693,16961,14081,14114,568
"545",56.9,11704,16987,14096,14147,569
"546",57,11717,17019,14125,14179,570
"547",57.1,11729,17050,14162,14212,571
"548",57.2,11742,17074,14194,14244,572
"549",57.3,11753,17095,14221,14277,573
"550",57.4,11762,17116,14251,14309,574
"551",57.5,11771,17137,14276,14342,575
"552",57.6,11788,17163,14310,14374,576
"553",57.7,11815,17201,14338,14407,577
"554",57.8,11844,17234,14366,14439,578
"555",57.9,11857,17249,14383,14472,579
"556",58,11869,17271,14411,14504,580
"557",58.1,11887,17312,14438,14537,581
"558",58.2,11901,17353,14477,14569,582
"559",58.3,11914,17395,14509,14602,583
"560",58.4,11925,17431,14541,14634,584
"561",58.5,11935,17472,14573,14667,585
"562",58.6,11947,17521,14603,14699,586
"563",58.7,11956,17564,14629,14732,587
"564",58.8,11968,17601,14649,14764,588
"565",58.9,11988,17647,14679,14797,589
"566",59,12001,17684,14728,14829,590
"567",59.1,12017,17729,14765,14862,591
"568",59.2,12029,17767,14779,14894,592
"569",59.3,12040,17805,14809,14926,593
"570",59.4,12051,17837,14850,14959,594
"571",59.5,12063,17862,14888,14991,595
"572",59.6,12080,17911,14925,15024,596
"573",59.7,12091,17958,14963,15056,597
"574",59.8,12103,17998,14988,15089,598
"575",59.9,12114,18029,15030,15121,599
"576",60,12125,18080,15073,15154,600
"577",60.1,12242,18084,15135,15215,601
"578",60.2,12353,18088,15202,15275,602
"579",60.3,12468,18093,15261,15336,603
"580",60.4,12583,18096,15324,15397,604
"581",60.5,12695,18102,15385,15458,605
"582",60.6,12803,18107,15447,15519,606
"583",60.7,12911,18117,15506,15579,607
"584",60.8,13020,18127,15568,15640,608
"585",60.9,13127,18135,15626,15701,609
"586",61,13234,18142,15692,15762,610
"587",61.1,13339,18149,15752,15822,611
"588",61.2,13443,18156,15811,15883,612
"589",61.3,13548,18163,15873,15944,613
"590",61.4,13652,18170,15939,16005,614
"591",61.5,13757,18178,16008,16066,615
"592",61.6,13862,18182,16071,16126,616
"593",61.7,13967,18185,16138,16187,617
"594",61.8,14072,18190,16208,16248,618
"595",61.9,14178,18195,16279,16309,619
"596",62,14284,18199,16353,16369,620
"597",62.1,14390,18205,16421,16430,621
"598",62.2,14496,18212,16489,16491,622
"599",62.3,14601,18216,16559,16552,623
"600",62.4,14706,18221,16623,16613,624
"601",62.5,14808,18226,16689,16673,625
"602",62.6,14907,18235,16767,16734,626
"603",62.7,15011,18247,16829,16795,627
"604",62.8,15115,18257,16893,16856,628
"605",62.9,15214,18262,16954,16916,629
"606",63,15320,18265,17025,16977,630
"607",63.1,15427,18270,17089,17038,631
"608",63.2,15534,18283,17149,17099,632
"609",63.3,15638,18293,17204,17160,633
"610",63.4,15739,18310,17262,17220,634
"611",63.5,15837,18322,17323,17281,635
"612",63.6,15940,18344,17385,17342,636
"613",63.7,16044,18365,17444,17403,637
"614",63.8,16141,18383,17503,17463,638
"615",63.9,16234,18401,17569,17524,639
"616",64,16332,18429,17637,17585,640
"617",64.1,16427,18487,17711,17646,641
"618",64.2,16518,18533,17772,17706,642
"619",64.3,16609,18585,17830,17767,643
"620",64.4,16705,18656,17886,17828,644
"621",64.5,16804,18734,17936,17889,645
"622",64.6,16902,18811,17991,17950,646
"623",64.7,16976,18914,18048,18010,647
"624",64.8,17068,19006,18104,18071,648
"625",64.9,17157,19101,18157,18132,649
"626",65,17243,19198,18199,18193,650
"627",65.1,17307,19207,18221,18221,651
"628",65.2,17372,19214,18250,18249,652
"629",65.3,17438,19230,18274,18277,653
"630",65.4,17510,19250,18293,18305,654
"631",65.5,17575,19274,18318,18333,655
"632",65.6,17636,19281,18339,18361,656
"633",65.7,17702,19289,18365,18390,657
"634",65.8,17774,19291,18388,18418,658
"635",65.9,17841,19293,18411,18446,659
"636",66,17894,19304,18438,18474,660
"637",66.1,17959,19324,18461,18502,661
"638",66.2,18024,19349,18481,18530,662
"639",66.3,18067,19369,18504,18558,663
"640",66.4,18117,19383,18524,18586,664
"641",66.5,18163,19399,18548,18615,665
"642",66.6,18211,19416,18573,18643,666
"643",66.7,18246,19436,18597,18671,667
"644",66.8,18281,19458,18620,18699,668
"645",66.9,18333,19507,18645,18727,669
"646",67,18356,19540,18673,18755,670
"647",67.1,18374,19593,18699,18783,671
"648",67.2,18399,19658,18723,18811,672
"649",67.3,18419,19704,18753,18839,673
"650",67.4,18432,19771,18777,18868,674
"651",67.5,18449,19829,18804,18896,675
"652",67.6,18469,19903,18826,18924,676
"653",67.7,18483,19977,18853,18952,677
"654",67.8,18497,20049,18879,18980,678
"655",67.9,18505,20109,18906,19008,679
"656",68,18515,20170,18931,19036,680
"657",68.1,18526,20229,18958,19064,681
"658",68.2,18533,20291,18983,19093,682
"659",68.3,18547,20358,19006,19121,683
"660",68.4,18552,20426,19031,19149,684
"661",68.5,18563,20491,19056,19177,685
"662",68.6,18570,20557,19079,19205,686
"663",68.7,18575,20623,19102,19233,687
"664",68.8,18583,20692,19127,19261,688
"665",68.9,18588,20759,19153,19289,689
"666",69,18594,20823,19179,19318,690
"667",69.1,18597,20890,19205,19346,691
"668",69.2,18600,20965,19230,19374,692
"669",69.3,18602,21042,19257,19402,693
"670",69.4,18610,21119,19285,19430,694
"671",69.5,18612,21196,19313,19458,695
"672",69.6,18622,21262,19338,19486,696
"673",69.7,18625,21335,19363,19514,697
"674",69.8,18629,21416,19387,19543,698
"675",69.9,18633,21500,19406,19571,699
"676",70,18636,21574,19431,19599,700
"677",70.1,18689,21588,19469,19634,701
"678",70.2,18741,21602,19504,19669,702
"679",70.3,18788,21616,19538,19704,703
"680",70.4,18837,21635,19575,19740,704
"681",70.5,18886,21655,19608,19775,705
"682",70.6,18937,21667,19647,19810,706
"683",70.7,18989,21679,19682,19845,707
"684",70.8,19042,21696,19720,19880,708
"685",70.9,19093,21717,19761,19915,709
"686",71,19143,21731,19800,19951,710
"687",71.1,19186,21749,19836,19986,711
"688",71.2,19225,21768,19870,20021,712
"689",71.3,19273,21790,19903,20056,713
"690",71.4,19327,21814,19940,20091,714
"691",71.5,19370,21842,19975,20126,715
"692",71.6,19413,21870,20017,20162,716
"693",71.7,19450,21890,20050,20197,717
"694",71.8,19494,21904,20088,20232,718
"695",71.9,19536,21920,20127,20267,719
"696",72,19571,21940,20164,20302,720
"697",72.1,19617,21963,20206,20338,721
"698",72.2,19652,21987,20245,20373,722
"699",72.3,19684,22010,20286,20408,723
"700",72.4,19722,22022,20326,20443,724
"701",72.5,19755,22039,20365,20478,725
"702",72.6,19780,22057,20404,20513,726
"703",72.7,19811,22079,20439,20549,727
"704",72.8,19840,22096,20477,20584,728
"705",72.9,19876,22111,20516,20619,729
"706",73,19911,22131,20558,20654,730
"707",73.1,19936,22144,20597,20689,731
"708",73.2,19963,22162,20633,20725,732
"709",73.3,19983,22184,20675,20760,733
"710",73.4,20004,22202,20715,20795,734
"711",73.5,20031,22224,20753,20830,735
"712",73.6,20066,22246,20796,20865,736
"713",73.7,20098,22268,20833,20900,737
"714",73.8,20121,22281,20874,20936,738
"715",73.9,20148,22301,20914,20971,739
"716",74,20173,22322,20956,21006,740
"717",74.1,20196,22335,20995,21041,741
"718",74.2,20220,22342,21033,21076,742
"719",74.3,20249,22349,21070,21112,743
"720",74.4,20273,22373,21108,21147,744
"721",74.5,20293,22379,21149,21182,745
"722",74.6,20314,22387,21192,21217,746
"723",74.7,20339,22404,21223,21252,747
"724",74.8,20367,22458,21263,21287,748
"725",74.9,20389,22469,21305,21323,749
"726",75,20414,22501,21341,21358,750
"727",75.1,20447,22524,21363,21378,751
"728",75.2,20485,22539,21378,21398,752
"729",75.3,20525,22558,21393,21419,753
"730",75.4,20566,22587,21407,21439,754
"731",75.5,20607,22606,21423,21459,755
"732",75.6,20648,22620,21440,21480,756
"733",75.7,20690,22640,21456,21500,757
"734",75.8,20729,22657,21477,21520,758
"735",75.9,20749,22687,21496,21541,759
"736",76,20766,22710,21514,21561,760
"737",76.1,20779,22733,21528,21581,761
"738",76.2,20809,22747,21548,21602,762
"739",76.3,20845,22773,21570,21622,763
"740",76.4,20873,22785,21590,21642,764
"741",76.5,20903,22796,21609,21663,765
"742",76.6,20912,22806,21625,21683,766
"743",76.7,20931,22829,21643,21703,767
"744",76.8,20957,22847,21661,21724,768
"745",76.9,20981,22871,21676,21744,769
"746",77,21000,22906,21699,21764,770
"747",77.1,21019,22940,21715,21785,771
"748",77.2,21029,22980,21732,21805,772
"749",77.3,21033,23019,21751,21825,773
"750",77.4,21041,23034,21773,21846,774
"751",77.5,21064,23043,21797,21866,775
"752",77.6,21076,23051,21820,21886,776
"753",77.7,21082,23074,21840,21907,777
"754",77.8,21089,23095,21866,21927,778
"755",77.9,21095,23122,21889,21947,779
"756",78,21102,23151,21908,21968,780
"757",78.1,21118,23180,21931,21988,781
"758",78.2,21134,23217,21949,22008,782
"759",78.3,21142,23253,21970,22029,783
"760",78.4,21146,23292,21992,22049,784
"761",78.5,21160,23324,22017,22069,785
"762",78.6,21173,23353,22037,22090,786
"763",78.7,21186,23383,22062,22110,787
"764",78.8,21192,23420,22079,22130,788
"765",78.9,21198,23454,22097,22151,789
"766",79,21206,23489,22113,22171,790
"767",79.1,21215,23522,22137,22191,791
"768",79.2,21218,23567,22155,22212,792
"769",79.3,21223,23609,22177,22232,793
"770",79.4,21227,23643,22189,22252,794
"771",79.5,21234,23678,22208,22273,795
"772",79.6,21241,23715,22229,22293,796
"773",79.7,21247,23751,22249,22313,797
"774",79.8,21252,23789,22263,22334,798
"775",79.9,21256,23823,22286,22354,799
"776",80,21258,23863,22310,22374,800
"777",80.1,21272,23869,22320,22387,801
"778",80.2,21288,23876,22334,22399,802
"779",80.3,21303,23884,22342,22411,803
"780",80.4,21323,23901,22354,22424,804
"781",80.5,21349,23907,22367,22436,805
"782",80.6,21376,23920,22378,22448,806
"783",80.7,21392,23931,22391,22461,807
"784",80.8,21415,23939,22403,22473,808
"785",80.9,21441,23948,22412,22485,809
"786",81,21467,23955,22427,22498,810
"787",81.1,21488,23959,22439,22510,811
"788",81.2,21505,23964,22446,22522,812
"789",81.3,21515,23970,22457,22535,813
"790",81.4,21524,23978,22469,22547,814
"791",81.5,21539,23989,22485,22559,815
"792",81.6,21553,24000,22496,22572,816
"793",81.7,21560,24011,22507,22584,817
"794",81.8,21570,24020,22518,22596,818
"795",81.9,21592,24033,22532,22609,819
"796",82,21608,24043,22550,22621,820
"797",82.1,21626,24060,22561,22633,821
"798",82.2,21642,24082,22577,22646,822
"799",82.3,21652,24101,22594,22658,823
"800",82.4,21663,24117,22609,22670,824
"801",82.5,21677,24125,22621,22683,825
"802",82.6,21690,24134,22633,22695,826
"803",82.7,21705,24145,22648,22707,827
"804",82.8,21719,24155,22662,22720,828
"805",82.9,21729,24173,22673,22732,829
"806",83,21743,24201,22686,22744,830
"807",83.1,21760,24224,22697,22757,831
"808",83.2,21776,24233,22709,22769,832
"809",83.3,21789,24239,22726,22781,833
"810",83.4,21800,24249,22737,22794,834
"811",83.5,21812,24261,22752,22806,835
"812",83.6,21824,24281,22767,22818,836
"813",83.7,21833,24298,22777,22831,837
"814",83.8,21843,24309,22788,22843,838
"815",83.9,21851,24318,22798,22855,839
"816",84,21861,24341,22808,22868,840
"817",84.1,21872,24356,22822,22880,841
"818",84.2,21877,24371,22835,22892,842
"819",84.3,21884,24391,22844,22905,843
"820",84.4,21888,24412,22857,22917,844
"821",84.5,21895,24450,22870,22929,845
"822",84.6,21899,24474,22885,22942,846
"823",84.7,21905,24494,22899,22954,847
"824",84.8,21909,24508,22910,22966,848
"825",84.9,21913,24523,22925,22979,849
"826",85,21919,24554,22935,22991,850
"827",85.1,21947,24562,22947,23004,851
"828",85.2,21970,24570,22960,23017,852
"829",85.3,21995,24579,22971,23030,853
"830",85.4,22010,24587,22980,23043,854
"831",85.5,22037,24596,22996,23056,855
"832",85.6,22057,24610,23006,23070,856
"833",85.7,22089,24625,23013,23083,857
"834",85.8,22130,24641,23021,23096,858
"835",85.9,22164,24655,23031,23109,859
"836",86,22183,24665,23043,23122,860
"837",86.1,22214,24675,23054,23135,861
"838",86.2,22239,24688,23063,23148,862
"839",86.3,22254,24699,23073,23161,863
"840",86.4,22270,24711,23083,23174,864
"841",86.5,22295,24719,23092,23187,865
"842",86.6,22323,24726,23110,23200,866
"843",86.7,22344,24737,23121,23213,867
"844",86.8,22362,24749,23132,23227,868
"845",86.9,22379,24760,23142,23240,869
"846",87,22397,24766,23157,23253,870
"847",87.1,22412,24773,23173,23266,871
"848",87.2,22433,24781,23187,23279,872
"849",87.3,22460,24791,23202,23292,873
"850",87.4,22488,24801,23209,23305,874
"851",87.5,22502,24814,23222,23318,875
"852",87.6,22522,24827,23231,23331,876
"853",87.7,22539,24841,23241,23344,877
"854",87.8,22555,24854,23251,23357,878
"855",87.9,22583,24867,23267,23370,879
"856",88,22608,24881,23278,23383,880
"857",88.1,22617,24893,23292,23397,881
"858",88.2,22624,24904,23306,23410,882
"859",88.3,22633,24915,23318,23423,883
"860",88.4,22652,24927,23329,23436,884
"861",88.5,22668,24942,23343,23449,885
"862",88.6,22690,24963,23355,23462,886
"863",88.7,22710,24973,23369,23475,887
"864",88.8,22727,24982,23383,23488,888
"865",88.9,22742,25000,23398,23501,889
"866",89,22754,25005,23408,23514,890
"867",89.1,22767,25011,23422,23527,891
"868",89.2,22779,25017,23436,23540,892
"869",89.3,22791,25028,23448,23554,893
"870",89.4,22805,25039,23465,23567,894
"871",89.5,22819,25064,23476,23580,895
"872",89.6,22831,25091,23488,23593,896
"873",89.7,22843,25109,23500,23606,897
"874",89.8,22855,25124,23512,23619,898
"875",89.9,22865,25142,23524,23632,899
"876",90,22875,25157,23539,23645,900
"877",90.1,22880,25167,23545,23652,901
"878",90.2,22884,25171,23553,23658,902
"879",90.3,22888,25176,23558,23664,903
"880",90.4,22892,25181,23562,23671,904
"881",90.5,22899,25186,23569,23677,905
"882",90.6,22903,25191,23576,23684,906
"883",90.7,22910,25196,23581,23690,907
"884",90.8,22914,25214,23587,23697,908
"885",90.9,22918,25233,23592,23703,909
"886",91,22921,25241,23598,23709,910
"887",91.1,22924,25249,23603,23716,911
"888",91.2,22928,25263,23608,23722,912
"889",91.3,22932,25274,23616,23729,913
"890",91.4,22934,25279,23624,23735,914
"891",91.5,22937,25290,23629,23741,915
"892",91.6,22941,25304,23637,23748,916
"893",91.7,22944,25321,23643,23754,917
"894",91.8,22947,25342,23648,23761,918
"895",91.9,22950,25355,23655,23767,919
"896",92,22954,25366,23659,23774,920
"897",92.1,22957,25378,23666,23780,921
"898",92.2,22964,25388,23670,23786,922
"899",92.3,22971,25401,23675,23793,923
"900",92.4,22974,25418,23680,23799,924
"901",92.5,22976,25442,23691,23806,925
"902",92.6,22978,25458,23698,23812,926
"903",92.7,22979,25469,23700,23819,927
"904",92.8,22984,25474,23704,23825,928
"905",92.9,22989,25483,23710,23831,929
"906",93,22994,25495,23716,23838,930
"907",93.1,22997,25506,23720,23844,931
"908",93.2,22998,25520,23726,23851,932
"909",93.3,22999,25532,23734,23857,933
"910",93.4,23000,25546,23741,23864,934
"911",93.5,23001,25564,23748,23870,935
"912",93.6,23003,25581,23754,23876,936
"913",93.7,23006,25594,23763,23883,937
"914",93.8,23009,25608,23769,23889,938
"915",93.9,23013,25622,23774,23896,939
"916",94,23017,25636,23779,23902,940
"917",94.1,23020,25650,23785,23909,941
"918",94.2,23023,25665,23789,23915,942
"919",94.3,23026,25680,23795,23921,943
"920",94.4,23027,25690,23802,23928,944
"921",94.5,23028,25700,23808,23934,945
"922",94.6,23029,25710,23812,23941,946
"923",94.7,23030,25720,23816,23947,947
"924",94.8,23035,25730,23823,23954,948
"925",94.9,23040,25740,23829,23960,949
"926",95,23041,25751,23836,23966,950
"927",95.1,23044,25766,23842,23972,951
"928",95.2,23049,25782,23845,23978,952
"929",95.3,23053,25798,23849,23983,953
"930",95.4,23060,25802,23855,23989,954
"931",95.5,23066,25806,23860,23994,955
"932",95.6,23070,25815,23866,24000,956
"933",95.7,23074,25826,23873,24006,957
"934",95.8,23078,25836,23880,24011,958
"935",95.9,23082,25847,23883,24017,959
"936",96,23085,25858,23887,24022,960
"937",96.1,23088,25868,23895,24028,961
"938",96.2,23093,25876,23900,24034,962
"939",96.3,23098,25884,23908,24039,963
"940",96.4,23103,25892,23918,24045,964
"941",96.5,23108,25902,23922,24050,965
"942",96.6,23113,25907,23927,24056,966
"943",96.7,23118,25909,23935,24062,967
"944",96.8,23124,25911,23940,24067,968
"945",96.9,23134,25918,23944,24073,969
"946",97,23140,25927,23949,24078,970
"947",97.1,23146,25936,23955,24084,971
"948",97.2,23152,25947,23962,24090,972
"949",97.3,23157,25956,23966,24095,973
"950",97.4,23168,25964,23968,24101,974
"951",97.5,23177,25972,23972,24106,975
"952",97.6,23185,25976,23980,24112,976
"953",97.7,23189,25980,23985,24118,977
"954",97.8,23190,25984,23990,24123,978
"955",97.9,23191,25988,23993,24129,979
"956",98,23195,25992,23999,24134,980
"957",98.1,23199,26000,24006,24140,981
"958",98.2,23204,26009,24010,24146,982
"959",98.3,23207,26015,24014,24151,983
"960",98.4,23207,26023,24020,24157,984
"961",98.5,23208,26033,24027,24162,985
"962",98.6,23208,26038,24032,24168,986
"963",98.7,23209,26042,24040,24174,987
"964",98.8,23209,26047,24046,24179,988
"965",98.9,23210,26052,24051,24185,989
"966",99,23210,26056,24059,24190,990
"967",99.1,23216,26061,24064,24196,991
"968",99.2,23224,26066,24068,24202,992
"969",99.3,23232,26070,24077,24207,993
"970",99.4,23237,26082,24080,24213,994
"971",99.5,23238,26093,24084,24218,995
"972",99.6,23240,26099,24090,24224,996
"973",99.7,23244,26102,24094,24230,997
"974",99.8,23247,26105,24097,24235,998
"975",99.9,23250,26108,24101,24241,999
"976",100,23254,26111,24105,24246,1000
"977",100.1,23262,26117,24116,24252,1001
"978",100.2,23266,26123,24122,24257,1002
"979",100.3,23270,26130,24127,24263,1003
"980",100.4,23272,26137,24134,24268,1004
"981",100.5,23274,26144,24139,24274,1005
"982",100.6,23276,26151,24142,24280,1006
"983",100.7,23278,26158,24149,24285,1007
"984",100.8,23280,26166,24156,24291,1008
"985",100.9,23283,26173,24163,24296,1009
"986",101,23286,26181,24167,24302,1010
"987",101.1,23292,26188,24174,24307,1011
"988",101.2,23295,26194,24181,24313,1012
"989",101.3,23298,26200,24187,24318,1013
"990",101.4,23301,26206,24193,24324,1014
"991",101.5,23304,26212,24199,24329,1015
"992",101.6,23306,26218,24204,24335,1016
"993",101.7,23308,26224,24209,24341,1017
"994",101.8,23309,26229,24215,24346,1018
"995",101.9,23313,26233,24224,24352,1019
"996",102,23316,26237,24229,24357,1020
"997",102.1,23319,26241,24234,24363,1021
"998",102.2,23323,26245,24239,24368,1022
"999",102.3,23325,26251,24247,24374,1023
"1000",102.4,23329,26257,24254,24379,1024
"1001",102.5,23331,26262,24261,24385,1025
"1002",102.6,23333,26268,24270,24390,1026
"1003",102.7,23337,26273,24274,24396,1027
"1004",102.8,23341,26278,24283,24402,1028
"1005",102.9,23345,26284,24291,24407,1029
"1006",103,23350,26289,24295,24413,1030
"1007",103.1,23354,26295,24300,24418,1031
"1008",103.2,23357,26300,24307,24424,1032
"1009",103.3,23361,26305,24310,24429,1033
"1010",103.4,23363,26311,24313,24435,1034
"1011",103.5,23366,26316,24315,24440,1035
"1012",103.6,23369,26321,24321,24446,1036
"1013",103.7,23371,26327,24330,24451,1037
"1014",103.8,23373,26332,24335,24457,1038
"1015",103.9,23375,26338,24340,24462,1039
"1016",104,23376,26345,24346,24468,1040
"1017",104.1,23377,26351,24350,24474,1041
"1018",104.2,23379,26357,24357,24479,1042
"1019",104.3,23382,26363,24361,24485,1043
"1020",104.4,23389,26369,24365,24490,1044
"1021",104.5,23393,26376,24371,24496,1045
"1022",104.6,23394,26382,24381,24501,1046
"1023",104.7,23396,26389,24386,24507,1047
"1024",104.8,23398,26395,24390,24512,1048
"1025",104.9,23400,26401,24395,24518,1049
"1026",105,23402,26406,24404,24523,1050
"1027",105.1,23410,26412,24415,24535,1051
"1028",105.2,23429,26416,24420,24547,1052
"1029",105.3,23449,26422,24429,24558,1053
"1030",105.4,23470,26431,24443,24570,1054
"1031",105.5,23478,26441,24450,24581,1055
"1032",105.6,23484,26448,24464,24593,1056
"1033",105.7,23490,26455,24475,24604,1057
"1034",105.8,23495,26467,24490,24616,1058
"1035",105.9,23502,26479,24500,24627,1059
"1036",106,23515,26490,24515,24639,1060
"1037",106.1,23520,26499,24532,24650,1061
"1038",106.2,23527,26509,24540,24662,1062
"1039",106.3,23539,26517,24550,24673,1063
"1040",106.4,23551,26523,24569,24685,1064
"1041",106.5,23566,26528,24580,24696,1065
"1042",106.6,23583,26534,24593,24708,1066
"1043",106.7,23603,26539,24602,24719,1067
"1044",106.8,23615,26545,24616,24731,1068
"1045",106.9,23618,26550,24629,24743,1069
"1046",107,23628,26556,24638,24754,1070
"1047",107.1,23638,26561,24649,24766,1071
"1048",107.2,23644,26567,24660,24777,1072
"1049",107.3,23648,26573,24671,24789,1073
"1050",107.4,23651,26581,24686,24800,1074
"1051",107.5,23660,26589,24696,24812,1075
"1052",107.6,23666,26597,24709,24823,1076
"1053",107.7,23671,26606,24723,24835,1077
"1054",107.8,23676,26615,24739,24846,1078
"1055",107.9,23681,26624,24756,24858,1079
"1056",108,23686,26633,24770,24869,1080
"1057",108.1,23692,26644,24786,24881,1081
"1058",108.2,23697,26654,24800,24892,1082
"1059",108.3,23704,26661,24809,24904,1083
"1060",108.4,23708,26680,24821,24915,1084
"1061",108.5,23713,26700,24833,24927,1085
"1062",108.6,23718,26715,24845,24939,1086
"1063",108.7,23723,26721,24857,24950,1087
"1064",108.8,23728,26728,24869,24962,1088
"1065",108.9,23734,26740,24881,24973,1089
"1066",109,23739,26754,24892,24985,1090
"1067",109.1,23744,26769,24907,24996,1091
"1068",109.2,23749,26777,24921,25008,1092
"1069",109.3,23759,26785,24931,25019,1093
"1070",109.4,23766,26800,24945,25031,1094
"1071",109.5,23770,26817,24961,25042,1095
"1072",109.6,23774,26834,24975,25054,1096
"1073",109.7,23779,26837,24989,25065,1097
"1074",109.8,23784,26841,24998,25077,1098
"1075",109.9,23787,26850,25010,25088,1099
"1076",110,23792,26863,25025,25100,1100
"1077",110.1,23805,26873,25036,25113,1101
"1078",110.2,23830,26887,25050,25126,1102
"1079",110.3,23852,26903,25059,25139,1103
"1080",110.4,23863,26920,25068,25152,1104
"1081",110.5,23875,26937,25079,25166,1105
"1082",110.6,23899,26955,25094,25179,1106
"1083",110.7,23911,26967,25108,25192,1107
"1084",110.8,23916,26975,25119,25205,1108
"1085",110.9,23923,26982,25131,25218,1109
"1086",111,23933,26992,25147,25231,1110
"1087",111.1,23948,27003,25157,25244,1111
"1088",111.2,23962,27015,25171,25258,1112
"1089",111.3,23982,27026,25184,25271,1113
"1090",111.4,24008,27035,25198,25284,1114
"1091",111.5,24023,27043,25213,25297,1115
"1092",111.6,24038,27053,25231,25310,1116
"1093",111.7,24059,27068,25246,25323,1117
"1094",111.8,24080,27082,25261,25336,1118
"1095",111.9,24088,27097,25275,25350,1119
"1096",112,24094,27112,25287,25363,1120
"1097",112.1,24099,27127,25305,25376,1121
"1098",112.2,24103,27134,25322,25389,1122
"1099",112.3,24111,27148,25333,25402,1123
"1100",112.4,24114,27165,25347,25415,1124
"1101",112.5,24117,27181,25360,25428,1125
"1102",112.6,24120,27199,25373,25442,1126
"1103",112.7,24128,27218,25386,25455,1127
"1104",112.8,24139,27229,25400,25468,1128
"1105",112.9,24143,27240,25416,25481,1129
"1106",113,24147,27254,25430,25494,1130
"1107",113.1,24152,27268,25448,25507,1131
"1108",113.2,24160,27281,25458,25520,1132
"1109",113.3,24173,27293,25468,25534,1133
"1110",113.4,24180,27300,25483,25547,1134
"1111",113.5,24187,27309,25496,25560,1135
"1112",113.6,24196,27321,25519,25573,1136
"1113",113.7,24206,27332,25537,25586,1137
"1114",113.8,24215,27343,25550,25599,1138
"1115",113.9,24222,27355,25565,25612,1139
"1116",114,24227,27368,25578,25626,1140
"1117",114.1,24233,27383,25588,25639,1141
"1118",114.2,24238,27405,25603,25652,1142
"1119",114.3,24243,27419,25616,25665,1143
"1120",114.4,24248,27434,25629,25678,1144
"1121",114.5,24253,27449,25644,25691,1145
"1122",114.6,24258,27464,25654,25704,1146
"1123",114.7,24263,27484,25667,25718,1147
"1124",114.8,24268,27512,25681,25731,1148
"1125",114.9,24274,27540,25692,25744,1149
"1126",115,24280,27553,25705,25757,1150
"1127",115.1,24291,27567,25715,25770,1151
"1128",115.2,24305,27570,25726,25782,1152
"1129",115.3,24334,27573,25738,25795,1153
"1130",115.4,24362,27576,25751,25808,1154
"1131",115.5,24378,27592,25764,25821,1155
"1132",115.6,24391,27598,25780,25834,1156
"1133",115.7,24410,27606,25792,25846,1157
"1134",115.8,24423,27614,25805,25859,1158
"1135",115.9,24446,27627,25817,25872,1159
"1136",116,24480,27631,25831,25885,1160
"1137",116.1,24495,27633,25845,25897,1161
"1138",116.2,24509,27635,25854,25910,1162
"1139",116.3,24525,27641,25869,25923,1163
"1140",116.4,24536,27642,25882,25936,1164
"1141",116.5,24545,27657,25895,25948,1165
"1142",116.6,24555,27677,25911,25961,1166
"1143",116.7,24564,27684,25920,25974,1167
"1144",116.8,24576,27691,25933,25987,1168
"1145",116.9,24587,27701,25947,25999,1169
"1146",117,24608,27716,25954,26012,1170
"1147",117.1,24621,27736,25968,26025,1171
"1148",117.2,24628,27758,25978,26038,1172
"1149",117.3,24642,27769,25990,26050,1173
"1150",117.4,24660,27781,26006,26063,1174
"1151",117.5,24673,27793,26023,26076,1175
"1152",117.6,24686,27806,26034,26089,1176
"1153",117.7,24703,27815,26051,26101,1177
"1154",117.8,24720,27825,26071,26114,1178
"1155",117.9,24728,27836,26085,26127,1179
"1156",118,24736,27841,26093,26140,1180
"1157",118.1,24744,27846,26106,26152,1181
"1158",118.2,24754,27852,26114,26165,1182
"1159",118.3,24765,27857,26127,26178,1183
"1160",118.4,24775,27872,26144,26191,1184
"1161",118.5,24784,27887,26154,26203,1185
"1162",118.6,24792,27903,26171,26216,1186
"1163",118.7,24800,27913,26182,26229,1187
"1164",118.8,24808,27930,26195,26242,1188
"1165",118.9,24813,27949,26209,26255,1189
"1166",119,24817,27962,26224,26267,1190
"1167",119.1,24822,27973,26240,26280,1191
"1168",119.2,24826,27990,26254,26293,1192
"1169",119.3,24834,27999,26266,26306,1193
"1170",119.4,24842,28007,26277,26318,1194
"1171",119.5,24854,28017,26292,26331,1195
"1172",119.6,24866,28025,26305,26344,1196
"1173",119.7,24875,28044,26320,26357,1197
"1174",119.8,24881,28060,26335,26369,1198
"1175",119.9,24884,28073,26355,26382,1199
"1176",120,24885,28082,26367,26395,1200
"1177",120.1,24907,28094,26377,26408,1201
"1178",120.2,24934,28104,26385,26421,1202
"1179",120.3,24953,28113,26401,26434,1203
"1180",120.4,24978,28121,26412,26447,1204
"1181",120.5,24997,28129,26423,26461,1205
"1182",120.6,25013,28133,26435,26474,1206
"1183",120.7,25028,28137,26447,26487,1207
"1184",120.8,25048,28142,26462,26500,1208
"1185",120.9,25058,28146,26471,26513,1209
"1186",121,25071,28150,26483,26526,1210
"1187",121.1,25087,28154,26499,26539,1211
"1188",121.2,25113,28159,26516,26552,1212
"1189",121.3,25130,28165,26527,26566,1213
"1190",121.4,25153,28171,26544,26579,1214
"1191",121.5,25180,28178,26562,26592,1215
"1192",121.6,25208,28184,26576,26605,1216
"1193",121.7,25233,28191,26593,26618,1217
"1194",121.8,25255,28199,26606,26631,1218
"1195",121.9,25276,28211,26618,26644,1219
"1196",122,25303,28220,26628,26657,1220
"1197",122.1,25326,28227,26643,26671,1221
"1198",122.2,25341,28233,26654,26684,1222
"1199",122.3,25358,28239,26664,26697,1223
"1200",122.4,25370,28246,26674,26710,1224
"1201",122.5,25387,28252,26686,26723,1225
"1202",122.6,25403,28259,26700,26736,1226
"1203",122.7,25411,28270,26716,26749,1227
"1204",122.8,25417,28282,26730,26763,1228
"1205",122.9,25431,28294,26743,26776,1229
"1206",123,25451,28306,26756,26789,1230
"1207",123.1,25472,28318,26771,26802,1231
"1208",123.2,25477,28330,26783,26815,1232
"1209",123.3,25478,28345,26796,26828,1233
"1210",123.4,25479,28369,26810,26841,1234
"1211",123.5,25480,28390,26825,26854,1235
"1212",123.6,25485,28399,26842,26868,1236
"1213",123.7,25490,28421,26853,26881,1237
"1214",123.8,25494,28431,26866,26894,1238
"1215",123.9,25501,28440,26872,26907,1239
"1216",124,25509,28456,26886,26920,1240
"1217",124.1,25516,28469,26896,26933,1241
"1218",124.2,25524,28479,26907,26946,1242
"1219",124.3,25531,28490,26919,26959,1243
"1220",124.4,25539,28498,26930,26973,1244
"1221",124.5,25548,28501,26944,26986,1245
"1222",124.6,25560,28504,26957,26999,1246
"1223",124.7,25571,28516,26970,27012,1247
"1224",124.8,25580,28532,26983,27025,1248
"1225",124.9,25586,28562,27000,27038,1249
"1226",125,25589,28579,27013,27051,1250
"1227",125.1,25599,28593,27035,27065,1251
"1228",125.2,25623,28607,27045,27079,1252
"1229",125.3,25644,28625,27057,27093,1253
"1230",125.4,25661,28648,27069,27107,1254
"1231",125.5,25686,28661,27083,27121,1255
"1232",125.6,25710,28673,27099,27135,1256
"1233",125.7,25742,28684,27115,27149,1257
"1234",125.8,25774,28696,27130,27163,1258
"1235",125.9,25805,28704,27139,27177,1259
"1236",126,25831,28713,27153,27190,1260
"1237",126.1,25853,28720,27168,27204,1261
"1238",126.2,25875,28732,27181,27218,1262
"1239",126.3,25906,28744,27200,27232,1263
"1240",126.4,25940,28754,27215,27246,1264
"1241",126.5,25974,28768,27224,27260,1265
"1242",126.6,26008,28782,27234,27274,1266
"1243",126.7,26036,28791,27254,27288,1267
"1244",126.8,26056,28801,27267,27302,1268
"1245",126.9,26065,28807,27280,27316,1269
"1246",127,26075,28816,27297,27330,1270
"1247",127.1,26091,28828,27307,27343,1271
"1248",127.2,26111,28840,27326,27357,1272
"1249",127.3,26132,28847,27340,27371,1273
"1250",127.4,26153,28851,27353,27385,1274
"1251",127.5,26162,28855,27370,27399,1275
"1252",127.6,26176,28860,27382,27413,1276
"1253",127.7,26185,28868,27394,27427,1277
"1254",127.8,26194,28885,27412,27441,1278
"1255",127.9,26203,28910,27426,27455,1279
"1256",128,26215,28942,27442,27469,1280
"1257",128.1,26226,28970,27460,27482,1281
"1258",128.2,26237,28988,27475,27496,1282
"1259",128.3,26243,29008,27488,27510,1283
"1260",128.4,26252,29023,27500,27524,1284
"1261",128.5,26270,29037,27520,27538,1285
"1262",128.6,26276,29051,27535,27552,1286
"1263",128.7,26295,29065,27549,27566,1287
"1264",128.8,26313,29080,27564,27580,1288
"1265",128.9,26316,29095,27576,27594,1289
"1266",129,26328,29103,27588,27608,1290
"1267",129.1,26339,29111,27601,27622,1291
"1268",129.2,26344,29120,27615,27635,1292
"1269",129.3,26350,29129,27627,27649,1293
"1270",129.4,26360,29138,27643,27663,1294
"1271",129.5,26375,29147,27656,27677,1295
"1272",129.6,26395,29157,27673,27691,1296
"1273",129.7,26410,29166,27695,27705,1297
"1274",129.8,26422,29173,27712,27719,1298
"1275",129.9,26436,29181,27723,27733,1299
"1276",130,26450,29193,27735,27747,1300
"1277",130.1,26484,29196,27752,27761,1301
"1278",130.2,26504,29198,27764,27775,1302
"1279",130.3,26533,29203,27778,27789,1303
"1280",130.4,26572,29208,27791,27803,1304
"1281",130.5,26599,29213,27805,27817,1305
"1282",130.6,26607,29219,27817,27831,1306
"1283",130.7,26637,29224,27831,27845,1307
"1284",130.8,26683,29227,27843,27859,1308
"1285",130.9,26717,29230,27861,27873,1309
"1286",131,26749,29235,27869,27887,1310
"1287",131.1,26781,29241,27880,27901,1311
"1288",131.2,26814,29247,27891,27916,1312
"1289",131.3,26849,29254,27908,27930,1313
"1290",131.4,26877,29263,27922,27944,1314
"1291",131.5,26902,29288,27931,27958,1315
"1292",131.6,26928,29301,27942,27972,1316
"1293",131.7,26957,29310,27954,27986,1317
"1294",131.8,26987,29319,27968,28000,1318
"1295",131.9,27018,29329,27982,28014,1319
"1296",132,27047,29343,27993,28028,1320
"1297",132.1,27072,29356,28010,28042,1321
"1298",132.2,27093,29371,28025,28056,1322
"1299",132.3,27102,29401,28034,28070,1323
"1300",132.4,27116,29415,28043,28084,1324
"1301",132.5,27134,29426,28055,28099,1325
"1302",132.6,27152,29442,28071,28113,1326
"1303",132.7,27172,29456,28086,28127,1327
"1304",132.8,27180,29466,28095,28141,1328
"1305",132.9,27195,29482,28107,28155,1329
"1306",133,27208,29490,28119,28169,1330
"1307",133.1,27234,29494,28134,28183,1331
"1308",133.2,27253,29499,28150,28197,1332
"1309",133.3,27268,29504,28164,28211,1333
"1310",133.4,27291,29509,28178,28225,1334
"1311",133.5,27321,29517,28191,28239,1335
"1312",133.6,27331,29536,28205,28253,1336
"1313",133.7,27345,29549,28217,28267,1337
"1314",133.8,27355,29559,28229,28282,1338
"1315",133.9,27365,29570,28242,28296,1339
"1316",134,27377,29573,28257,28310,1340
"1317",134.1,27384,29577,28271,28324,1341
"1318",134.2,27392,29583,28283,28338,1342
"1319",134.3,27399,29589,28296,28352,1343
"1320",134.4,27415,29596,28312,28366,1344
"1321",134.5,27429,29616,28326,28380,1345
"1322",134.6,27435,29640,28341,28394,1346
"1323",134.7,27442,29670,28353,28408,1347
"1324",134.8,27450,29701,28367,28422,1348
"1325",134.9,27461,29738,28383,28436,1349
"1326",135,27481,29768,28398,28450,1350
"1327",135.1,27521,29776,28410,28467,1351
"1328",135.2,27561,29782,28420,28484,1352
"1329",135.3,27598,29790,28436,28501,1353
"1330",135.4,27631,29801,28450,28518,1354
"1331",135.5,27663,29812,28463,28535,1355
"1332",135.6,27692,29823,28476,28552,1356
"1333",135.7,27724,29838,28491,28569,1357
"1334",135.8,27755,29849,28501,28586,1358
"1335",135.9,27784,29869,28518,28602,1359
"1336",136,27816,29885,28535,28619,1360
"1337",136.1,27843,29901,28550,28636,1361
"1338",136.2,27880,29917,28566,28653,1362
"1339",136.3,27910,29945,28576,28670,1363
"1340",136.4,27950,29972,28589,28687,1364
"1341",136.5,27983,29995,28605,28704,1365
"1342",136.6,28004,30015,28617,28721,1366
"1343",136.7,28027,30030,28635,28738,1367
"1344",136.8,28055,30046,28645,28755,1368
"1345",136.9,28070,30064,28662,28771,1369
"1346",137,28091,30088,28675,28788,1370
"1347",137.1,28107,30113,28693,28805,1371
"1348",137.2,28123,30140,28712,28822,1372
"1349",137.3,28143,30157,28730,28839,1373
"1350",137.4,28157,30167,28750,28856,1374
"1351",137.5,28171,30190,28770,28873,1375
"1352",137.6,28188,30209,28786,28890,1376
"1353",137.7,28202,30218,28797,28907,1377
"1354",137.8,28214,30231,28819,28923,1378
"1355",137.9,28223,30242,28837,28940,1379
"1356",138,28233,30271,28857,28957,1380
"1357",138.1,28244,30308,28874,28974,1381
"1358",138.2,28253,30335,28895,28991,1382
"1359",138.3,28262,30359,28913,29008,1383
"1360",138.4,28271,30383,28932,29025,1384
"1361",138.5,28282,30405,28947,29042,1385
"1362",138.6,28296,30427,28965,29059,1386
"1363",138.7,28304,30446,28978,29075,1387
"1364",138.8,28311,30460,28997,29092,1388
"1365",138.9,28315,30468,29013,29109,1389
"1366",139,28319,30476,29030,29126,1390
"1367",139.1,28326,30485,29048,29143,1391
"1368",139.2,28334,30498,29069,29160,1392
"1369",139.3,28344,30521,29084,29177,1393
"1370",139.4,28349,30544,29105,29194,1394
"1371",139.5,28358,30597,29121,29211,1395
"1372",139.6,28368,30626,29135,29227,1396
"1373",139.7,28374,30654,29154,29244,1397
"1374",139.8,28378,30671,29172,29261,1398
"1375",139.9,28387,30697,29188,29278,1399
"1376",140,28393,30727,29204,29295,1400
"1377",140.1,28426,30734,29220,29313,1401
"1378",140.2,28459,30746,29235,29330,1402
"1379",140.3,28492,30760,29248,29348,1403
"1380",140.4,28518,30778,29265,29365,1404
"1381",140.5,28543,30795,29286,29383,1405
"1382",140.6,28576,30806,29306,29400,1406
"1383",140.7,28602,30819,29323,29418,1407
"1384",140.8,28634,30838,29336,29436,1408
"1385",140.9,28665,30859,29350,29453,1409
"1386",141,28691,30881,29369,29471,1410
"1387",141.1,28718,30893,29388,29488,1411
"1388",141.2,28741,30903,29408,29506,1412
"1389",141.3,28768,30907,29424,29524,1413
"1390",141.4,28791,30910,29442,29541,1414
"1391",141.5,28813,30920,29457,29559,1415
"1392",141.6,28825,30938,29477,29576,1416
"1393",141.7,28843,30951,29492,29594,1417
"1394",141.8,28865,30970,29511,29611,1418
"1395",141.9,28888,30981,29530,29629,1419
"1396",142,28904,30993,29543,29647,1420
"1397",142.1,28922,31000,29563,29664,1421
"1398",142.2,28941,31006,29582,29682,1422
"1399",142.3,28960,31019,29600,29699,1423
"1400",142.4,28975,31041,29619,29717,1424
"1401",142.5,28987,31064,29633,29735,1425
"1402",142.6,29000,31088,29650,29752,1426
"1403",142.7,29010,31105,29670,29770,1427
"1404",142.8,29026,31123,29690,29787,1428
"1405",142.9,29041,31142,29711,29805,1429
"1406",143,29058,31152,29728,29822,1430
"1407",143.1,29074,31162,29750,29840,1431
"1408",143.2,29080,31170,29769,29858,1432
"1409",143.3,29085,31192,29786,29875,1433
"1410",143.4,29092,31207,29804,29893,1434
"1411",143.5,29097,31238,29823,29910,1435
"1412",143.6,29105,31257,29836,29928,1436
"1413",143.7,29116,31273,29858,29946,1437
"1414",143.8,29123,31303,29878,29963,1438
"1415",143.9,29129,31323,29897,29981,1439
"1416",144,29138,31349,29916,29998,1440
"1417",144.1,29151,31379,29935,30016,1441
"1418",144.2,29163,31394,29953,30033,1442
"1419",144.3,29171,31415,29971,30051,1443
"1420",144.4,29179,31433,29993,30069,1444
"1421",144.5,29189,31446,30012,30086,1445
"1422",144.6,29195,31465,30028,30104,1446
"1423",144.7,29199,31489,30049,30121,1447
"1424",144.8,29206,31508,30066,30139,1448
"1425",144.9,29216,31526,30085,30157,1449
"1426",145,29228,31551,30102,30174,1450
"1427",145.1,29235,31560,30112,30182,1451
"1428",145.2,29241,31570,30119,30191,1452
"1429",145.3,29250,31581,30127,30199,1453
"1430",145.4,29261,31592,30135,30208,1454
"1431",145.5,29278,31599,30143,30216,1455
"1432",145.6,29285,31603,30150,30225,1456
"1433",145.7,29295,31609,30155,30233,1457
"1434",145.8,29304,31617,30161,30241,1458
"1435",145.9,29317,31625,30172,30250,1459
"1436",146,29326,31630,30182,30258,1460
"1437",146.1,29338,31634,30187,30267,1461
"1438",146.2,29355,31637,30194,30275,1462
"1439",146.3,29370,31639,30204,30283,1463
"1440",146.4,29381,31643,30212,30292,1464
"1441",146.5,29390,31650,30219,30300,1465
"1442",146.6,29397,31659,30226,30309,1466
"1443",146.7,29408,31668,30233,30317,1467
"1444",146.8,29420,31673,30242,30325,1468
"1445",146.9,29431,31678,30249,30334,1469
"1446",147,29442,31690,30260,30342,1470
"1447",147.1,29450,31706,30267,30351,1471
"1448",147.2,29457,31714,30276,30359,1472
"1449",147.3,29465,31725,30286,30367,1473
"1450",147.4,29472,31736,30293,30376,1474
"1451",147.5,29475,31747,30302,30384,1475
"1452",147.6,29481,31760,30309,30393,1476
"1453",147.7,29485,31772,30315,30401,1477
"1454",147.8,29492,31781,30327,30409,1478
"1455",147.9,29496,31790,30336,30418,1479
"1456",148,29499,31798,30345,30426,1480
"1457",148.1,29502,31806,30357,30435,1481
"1458",148.2,29505,31818,30364,30443,1482
"1459",148.3,29510,31823,30371,30451,1483
"1460",148.4,29517,31830,30381,30460,1484
"1461",148.5,29523,31837,30388,30468,1485
"1462",148.6,29529,31844,30396,30477,1486
"1463",148.7,29535,31851,30404,30485,1487
"1464",148.8,29541,31858,30412,30493,1488
"1465",148.9,29544,31870,30422,30502,1489
"1466",149,29548,31876,30433,30510,1490
"1467",149.1,29552,31888,30443,30519,1491
"1468",149.2,29555,31900,30452,30527,1492
"1469",149.3,29559,31911,30461,30535,1493
"1470",149.4,29562,31916,30468,30544,1494
"1471",149.5,29566,31921,30477,30552,1495
"1472",149.6,29573,31930,30485,30561,1496
"1473",149.7,29575,31942,30494,30569,1497
"1474",149.8,29577,31954,30506,30577,1498
"1475",149.9,29581,31963,30513,30586,1499
"1476",150,29588,31973,30523,30594,1500
"1477",150.1,29599,31980,30530,30602,1501
"1478",150.2,29614,31985,30536,30609,1502
"1479",150.3,29633,31988,30539,30616,1503
"1480",150.4,29648,31991,30548,30624,1504
"1481",150.5,29658,32001,30552,30631,1505
"1482",150.6,29672,32018,30560,30638,1506
"1483",150.7,29686,32022,30567,30646,1507
"1484",150.8,29699,32027,30574,30653,1508
"1485",150.9,29711,32030,30582,30660,1509
"1486",151,29719,32035,30589,30668,1510
"1487",151.1,29726,32048,30593,30675,1511
"1488",151.2,29732,32061,30602,30682,1512
"1489",151.3,29744,32074,30610,30690,1513
"1490",151.4,29758,32085,30617,30697,1514
"1491",151.5,29767,32095,30625,30705,1515
"1492",151.6,29771,32103,30635,30712,1516
"1493",151.7,29778,32112,30640,30719,1517
"1494",151.8,29788,32123,30647,30727,1518
"1495",151.9,29795,32129,30654,30734,1519
"1496",152,29813,32136,30659,30741,1520
"1497",152.1,29822,32143,30668,30749,1521
"1498",152.2,29827,32151,30674,30756,1522
"1499",152.3,29837,32159,30681,30763,1523
"1500",152.4,29843,32169,30690,30771,1524
"1501",152.5,29852,32174,30698,30778,1525
"1502",152.6,29861,32179,30705,30785,1526
"1503",152.7,29868,32185,30709,30793,1527
"1504",152.8,29873,32193,30714,30800,1528
"1505",152.9,29882,32204,30720,30807,1529
"1506",153,29894,32219,30728,30815,1530
"1507",153.1,29900,32237,30734,30822,1531
"1508",153.2,29905,32254,30741,30829,1532
"1509",153.3,29911,32264,30750,30837,1533
"1510",153.4,29916,32275,30756,30844,1534
"1511",153.5,29921,32286,30763,30851,1535
"1512",153.6,29927,32296,30771,30859,1536
"1513",153.7,29933,32306,30780,30866,1537
"1514",153.8,29938,32313,30790,30874,1538
"1515",153.9,29940,32320,30797,30881,1539
"1516",154,29942,32333,30805,30888,1540
"1517",154.1,29944,32336,30810,30896,1541
"1518",154.2,29951,32343,30817,30903,1542
"1519",154.3,29958,32349,30824,30910,1543
"1520",154.4,29963,32368,30832,30918,1544
"1521",154.5,29974,32384,30841,30925,1545
"1522",154.6,29982,32393,30849,30932,1546
"1523",154.7,29987,32403,30858,30940,1547
"1524",154.8,29996,32415,30864,30947,1548
"1525",154.9,29999,32432,30873,30954,1549
"1526",155,30004,32453,30881,30962,1550
"1527",155.1,30020,32456,30885,30969,1551
"1528",155.2,30037,32460,30890,30976,1552
"1529",155.3,30059,32464,30895,30983,1553
"1530",155.4,30074,32467,30899,30990,1554
"1531",155.5,30089,32471,30904,30997,1555
"1532",155.6,30104,32475,30908,31004,1556
"1533",155.7,30126,32485,30913,31011,1557
"1534",155.8,30133,32492,30918,31018,1558
"1535",155.9,30138,32496,30922,31026,1559
"1536",156,30146,32500,30927,31033,1560
"1537",156.1,30163,32506,30932,31040,1561
"1538",156.2,30179,32527,30938,31047,1562
"1539",156.3,30199,32539,30944,31054,1563
"1540",156.4,30215,32546,30951,31061,1564
"1541",156.5,30228,32549,30959,31068,1565
"1542",156.6,30236,32558,30966,31075,1566
"1543",156.7,30253,32567,30971,31082,1567
"1544",156.8,30279,32572,30977,31089,1568
"1545",156.9,30288,32573,30983,31096,1569
"1546",157,30300,32574,30990,31104,1570
"1547",157.1,30314,32575,30996,31111,1571
"1548",157.2,30323,32577,31003,31118,1572
"1549",157.3,30331,32582,31007,31125,1573
"1550",157.4,30343,32597,31013,31132,1574
"1551",157.5,30358,32623,31020,31139,1575
"1552",157.6,30371,32633,31025,31146,1576
"1553",157.7,30386,32637,31033,31153,1577
"1554",157.8,30397,32647,31038,31160,1578
"1555",157.9,30414,32651,31045,31167,1579
"1556",158,30424,32655,31051,31174,1580
"1557",158.1,30433,32659,31060,31182,1581
"1558",158.2,30443,32663,31068,31189,1582
"1559",158.3,30449,32668,31075,31196,1583
"1560",158.4,30456,32678,31081,31203,1584
"1561",158.5,30462,32690,31087,31210,1585
"1562",158.6,30466,32701,31094,31217,1586
"1563",158.7,30475,32712,31102,31224,1587
"1564",158.8,30484,32719,31108,31231,1588
"1565",158.9,30496,32723,31115,31238,1589
"1566",159,30509,32728,31119,31245,1590
"1567",159.1,30511,32732,31124,31252,1591
"1568",159.2,30520,32737,31133,31260,1592
"1569",159.3,30532,32742,31139,31267,1593
"1570",159.4,30544,32748,31147,31274,1594
"1571",159.5,30556,32754,31151,31281,1595
"1572",159.6,30567,32761,31157,31288,1596
"1573",159.7,30573,32767,31165,31295,1597
"1574",159.8,30583,32773,31173,31302,1598
"1575",159.9,30588,32779,31180,31309,1599
"1576",160,30595,32786,31186,31316,1600
"1577",160.1,30615,32792,31194,31328,1601
"1578",160.2,30639,32798,31203,31339,1602
"1579",160.3,30657,32804,31212,31350,1603
"1580",160.4,30678,32817,31222,31362,1604
"1581",160.5,30693,32833,31230,31373,1605
"1582",160.6,30721,32837,31240,31384,1606
"1583",160.7,30744,32840,31249,31396,1607
"1584",160.8,30774,32848,31259,31407,1608
"1585",160.9,30806,32859,31266,31418,1609
"1586",161,30829,32862,31275,31430,1610
"1587",161.1,30852,32867,31285,31441,1611
"1588",161.2,30875,32886,31294,31453,1612
"1589",161.3,30894,32892,31305,31464,1613
"1590",161.4,30907,32897,31315,31475,1614
"1591",161.5,30919,32904,31325,31487,1615
"1592",161.6,30943,32912,31337,31498,1616
"1593",161.7,30967,32920,31348,31509,1617
"1594",161.8,30981,32929,31359,31521,1618
"1595",161.9,30994,32937,31372,31532,1619
"1596",162,31004,32942,31382,31543,1620
"1597",162.1,31015,32949,31392,31555,1621
"1598",162.2,31027,32957,31405,31566,1622
"1599",162.3,31035,32969,31418,31577,1623
"1600",162.4,31043,32981,31429,31589,1624
"1601",162.5,31051,32991,31442,31600,1625
"1602",162.6,31059,33004,31453,31612,1626
"1603",162.7,31066,33013,31464,31623,1627
"1604",162.8,31069,33022,31479,31634,1628
"1605",162.9,31071,33040,31495,31646,1629
"1606",163,31077,33051,31509,31657,1630
"1607",163.1,31084,33062,31517,31668,1631
"1608",163.2,31089,33082,31531,31680,1632
"1609",163.3,31101,33103,31544,31691,1633
"1610",163.4,31109,33121,31558,31702,1634
"1611",163.5,31115,33141,31570,31714,1635
"1612",163.6,31126,33160,31583,31725,1636
"1613",163.7,31131,33175,31595,31736,1637
"1614",163.8,31135,33197,31605,31748,1638
"1615",163.9,31139,33212,31616,31759,1639
"1616",164,31141,33223,31625,31771,1640
"1617",164.1,31145,33228,31639,31782,1641
"1618",164.2,31151,33232,31652,31793,1642
"1619",164.3,31156,33246,31663,31805,1643
"1620",164.4,31161,33262,31676,31816,1644
"1621",164.5,31167,33288,31687,31827,1645
"1622",164.6,31173,33305,31696,31839,1646
"1623",164.7,31176,33336,31710,31850,1647
"1624",164.8,31179,33363,31717,31861,1648
"1625",164.9,31185,33381,31728,31873,1649
"1626",165,31193,33399,31738,31884,1650
"1627",165.1,31210,33424,31766,31904,1651
"1628",165.2,31224,33430,31789,31923,1652
"1629",165.3,31239,33438,31806,31943,1653
"1630",165.4,31256,33450,31822,31962,1654
"1631",165.5,31271,33465,31845,31982,1655
"1632",165.6,31282,33482,31873,32001,1656
"1633",165.7,31289,33500,31898,32021,1657
"1634",165.8,31301,33516,31920,32040,1658
"1635",165.9,31310,33530,31940,32060,1659
"1636",166,31323,33548,31960,32079,1660
"1637",166.1,31332,33561,31981,32099,1661
"1638",166.2,31335,33583,32008,32118,1662
"1639",166.3,31344,33594,32029,32138,1663
"1640",166.4,31352,33617,32049,32157,1664
"1641",166.5,31359,33649,32068,32177,1665
"1642",166.6,31365,33666,32089,32196,1666
"1643",166.7,31371,33680,32110,32216,1667
"1644",166.8,31377,33701,32124,32235,1668
"1645",166.9,31382,33734,32146,32255,1669
"1646",167,31387,33745,32165,32274,1670
"1647",167.1,31394,33769,32184,32294,1671
"1648",167.2,31401,33788,32197,32313,1672
"1649",167.3,31407,33812,32220,32333,1673
"1650",167.4,31411,33854,32240,32352,1674
"1651",167.5,31415,33891,32258,32372,1675
"1652",167.6,31421,33932,32273,32391,1676
"1653",167.7,31424,33959,32288,32411,1677
"1654",167.8,31430,34002,32303,32430,1678
"1655",167.9,31434,34069,32318,32450,1679
"1656",168,31438,34161,32330,32469,1680
"1657",168.1,31440,34188,32345,32489,1681
"1658",168.2,31444,34199,32362,32508,1682
"1659",168.3,31449,34217,32380,32528,1683
"1660",168.4,31455,34239,32397,32547,1684
"1661",168.5,31460,34304,32418,32567,1685
"1662",168.6,31467,34375,32435,32587,1686
"1663",168.7,31475,34420,32451,32606,1687
"1664",168.8,31482,34474,32472,32626,1688
"1665",168.9,31486,34532,32483,32645,1689
"1666",169,31491,34571,32493,32665,1690
"1667",169.1,31494,34602,32511,32684,1691
"1668",169.2,31498,34652,32528,32704,1692
"1669",169.3,31502,34691,32548,32723,1693
"1670",169.4,31506,34745,32564,32743,1694
"1671",169.5,31511,34811,32584,32762,1695
"1672",169.6,31515,34867,32600,32782,1696
"1673",169.7,31518,34926,32621,32801,1697
"1674",169.8,31521,34990,32642,32821,1698
"1675",169.9,31527,35030,32658,32840,1699
"1676",170,31533,35075,32676,32860,1700
"1677",170.1,31552,35131,32690,32880,1701
"1678",170.2,31570,35145,32708,32900,1702
"1679",170.3,31584,35155,32725,32920,1703
"1680",170.4,31597,35164,32749,32940,1704
"1681",170.5,31627,35174,32760,32960,1705
"1682",170.6,31638,35203,32777,32980,1706
"1683",170.7,31651,35221,32798,33000,1707
"1684",170.8,31666,35260,32825,33020,1708
"1685",170.9,31684,35299,32843,33040,1709
"1686",171,31701,35322,32867,33060,1710
"1687",171.1,31717,35346,32890,33080,1711
"1688",171.2,31725,35363,32912,33100,1712
"1689",171.3,31730,35372,32939,33121,1713
"1690",171.4,31736,35381,32959,33141,1714
"1691",171.5,31751,35394,32987,33161,1715
"1692",171.6,31762,35415,33002,33181,1716
"1693",171.7,31779,35436,33027,33201,1717
"1694",171.8,31790,35457,33057,33221,1718
"1695",171.9,31798,35481,33074,33241,1719
"1696",172,31806,35507,33100,33261,1720
"1697",172.1,31813,35532,33116,33281,1721
"1698",172.2,31820,35557,33136,33301,1722
